CustomerID,Title,FirstName,MiddleName,LastName,Suffix,CompanyName,SalesPerson,EmailAddress,Phone
1,Mr.,Orlando,N.,Gee,,A Bike Store,adventure-works\\pamela0,orlando0@adventure-works.com,245-555-0173
2,Mr.,Keith,,Harris,,Progressive Sports,adventure-works\\david8,keith0@adventure-works.com,170-555-0127
3,Ms.,Donna,F.,Carreras,,Advanced Bike Components,adventure-works\\jillian0,donna0@adventure-works.com,279-555-0130
4,Ms.,Janet,M.,Gates,,Modular Cycle Systems,adventure-works\\jillian0,janet1@adventure-works.com,710-555-0173
5,Mr.,Lucy,,Harrington,,Metropolitan Sports Supply,adventure-works\\shu0,lucy0@adventure-works.com,828-555-0186
6,Ms.,Rosmarie,J.,Carroll,,Aerobic Exercise Company,adventure-works\\linda3,rosmarie0@adventure-works.com,244-555-0112
7,Mr.,Dominic,P.,Gash,,Associated Bikes,adventure-works\\shu0,dominic0@adventure-works.com,192-555-0173
10,Ms.,Kathleen,M.,Smith,,Rural Cycle Emporium,adventure-works\\josé1,kathleen0@adventure-works.com,150-555-0127
11,Ms.,Katherine,,Harding,,Sharp Bikes,adventure-works\\josé1,katherine0@adventure-works.com,926-555-0159
12,Mr.,Johnny,A.,Caprio,Jr.,Bikes and Motorbikes,adventure-works\\garrett1,johnny0@adventure-works.com,112-555-0191
16,Mr.,Christopher,R.,Beck,Jr.,Bulk Discount Store,adventure-works\\jae0,christopher1@adventure-works.com,1 (11) 500 555-0132
18,Mr.,David,J.,Liu,,Catalog Store,adventure-works\\michael9,david20@adventure-works.com,440-555-0132
19,Mr.,John,A.,Beaver,,Center Cycle Shop,adventure-works\\pamela0,john8@adventure-works.com,521-555-0195
20,Ms.,Jean,P.,Handley,,Central Discount Store,adventure-works\\david8,jean1@adventure-works.com,582-555-0113
21,Ms.,Jinghao,,Liu,,Chic Department Stores,adventure-works\\jillian0,jinghao1@adventure-works.com,928-555-0116
22,Ms.,Linda,E.,Burnett,,Travel Systems,adventure-works\\jillian0,linda4@adventure-works.com,121-555-0121
23,Mr.,Kerim,,Hanif,,Bike World,adventure-works\\shu0,kerim0@adventure-works.com,216-555-0122
24,Mr.,Kevin,,Liu,,Eastside Department Store,adventure-works\\linda3,kevin5@adventure-works.com,926-555-0164
25,Mr.,Donald,L.,Blanton,,Coalition Bike Company,adventure-works\\shu0,donald0@adventure-works.com,357-555-0161
28,Ms.,Jackie,E.,Blackwell,,Commuter Bicycle Store,adventure-works\\josé1,jackie0@adventure-works.com,972-555-0163
29,Mr.,Bryan,,Hamilton,,Cross-Country Riding Supplies,adventure-works\\josé1,bryan2@adventure-works.com,344-555-0144
30,Mr.,Todd,R.,Logan,,Cycle Merchants,adventure-works\\garrett1,todd0@adventure-works.com,783-555-0110
34,Ms.,Barbara,J.,German,,Cycles Wholesaler & Mfg.,adventure-works\\jae0,barbara4@adventure-works.com,1 (11) 500 555-0181
37,Mr.,Jim,,Geist,,Two Bike Shops,adventure-works\\pamela0,jim1@adventure-works.com,724-555-0161
38,Ms.,Betty,M.,Haines,,Finer Mart,adventure-works\\david8,betty0@adventure-works.com,867-555-0114
39,Ms.,Sharon,J.,Looney,,Fitness Hotel,adventure-works\\jillian0,sharon2@adventure-works.com,377-555-0132
40,Mr.,Darren,,Gehring,,Journey Sporting Goods,adventure-works\\jillian0,darren0@adventure-works.com,417-555-0182
41,Ms.,Erin,M.,Hagens,,Distant Inn,adventure-works\\shu0,erin1@adventure-works.com,244-555-0127
42,Mr.,Jeremy,,Los,,Healthy Activity Store,adventure-works\\linda3,jeremy0@adventure-works.com,911-555-0165
43,Ms.,Elsa,,Leavitt,,Frugal Bike Shop,adventure-works\\shu0,elsa0@adventure-works.com,482-555-0174
46,Mr.,David,O,Lawrence,,Gear-Shift Bikes Limited,adventure-works\\josé1,david19@adventure-works.com,653-555-0159
47,Ms.,Hattie,J.,Haemon,,Greater Bike Store,adventure-works\\josé1,hattie0@adventure-works.com,141-555-0172
48,Ms.,Anita,R.,Lucerne,,Grand Industries,adventure-works\\garrett1,anita0@adventure-works.com,164-555-0118
52,Ms.,Rebecca,,Laszlo,,Instruments and Parts Company,adventure-works\\jae0,rebecca2@adventure-works.com,1 (11) 500 555-0155
55,Mr.,Eric,,Lang,,Kickstands and Accessories Company,adventure-works\\pamela0,eric6@adventure-works.com,932-555-0163
56,Mr.,Brian,,Groth,,Latest Accessories Sales,adventure-works\\david8,brian5@adventure-works.com,461-555-0118
57,Ms.,Judy,R.,Lundahl,,Leading Sales & Repair,adventure-works\\jillian0,judy1@adventure-works.com,260-555-0130
58,Mr.,Peter,,Kurniawan,,Largest Bike Store,adventure-works\\jillian0,peter4@adventure-works.com,436-555-0160
59,Mr.,Douglas,,Groncki,,Locks Company,adventure-works\\shu0,douglas2@adventure-works.com,385-555-0140
60,Mr.,Sean,J.,Lunt,,Main Bicycle Services,adventure-works\\linda3,sean4@adventure-works.com,183-555-0111
61,Mr.,Jeffrey,,Kurtz,,Many Bikes Store,adventure-works\\shu0,jeffrey3@adventure-works.com,452-555-0179
64,Mr.,Vamsi,,Kuppa,,Metal Clearing House,adventure-works\\josé1,vamsi1@adventure-works.com,290-555-0196
65,Ms.,Jane,P.,Greer,,Metro Manufacturing,adventure-works\\josé1,jane2@adventure-works.com,737-555-0163
66,Mr.,Alexander,J.,Deborde,,Neighborhood Store,adventure-works\\garrett1,alexander1@adventure-works.com,394-555-0176
70,Mr.,Deepak,,Kumar,,Outdoor Aerobic Systems Company,adventure-works\\jae0,deepak0@adventure-works.com,1 (11) 500 555-0122
73,Ms.,Margaret,T.,Krupka,,Outdoor Sports Supply,adventure-works\\pamela0,margaret1@adventure-works.com,107-555-0132
74,Mr.,Christopher,M.,Bright,,Parcel Express Delivery Service,adventure-works\\david8,christopher2@adventure-works.com,162-555-0166
75,Ms.,Aidan,,Delaney,,Paint Supply,adventure-works\\jillian0,aidan0@adventure-works.com,358-555-0188
76,Mr.,James,J.,Krow,,Out-of-the-Way Hotels,adventure-works\\jillian0,james11@adventure-works.com,265-555-0190
77,Mr.,Michael,,Brundage,,Mechanical Products Ltd.,adventure-works\\shu0,michael13@adventure-works.com,128-555-0148
78,Mr.,Stefan,,Delmarco,,Preferred Bikes,adventure-works\\linda3,stefan0@adventure-works.com,819-555-0186
79,Mr.,Mitch,,Kennedy,,Reasonable Bicycle Sales,adventure-works\\shu0,mitch0@adventure-works.com,996-555-0192
82,Mr.,James,D.,Kramer,,Refined Department Stores,adventure-works\\josé1,james10@adventure-works.com,814-555-0130
83,Mr.,Eric,J.,Brumfield,,Requisite Part Supply,adventure-works\\josé1,eric3@adventure-works.com,644-555-0114
84,Ms.,Della,F.,Demott Jr,,Rewarding Activities Company,adventure-works\\garrett1,della0@adventure-works.com,752-555-0185
88,Ms.,Pamala,M.,Kotc,,Closest Bicycle Store,adventure-works\\jae0,pamala0@adventure-works.com,1 (11) 500 555-0173
91,Ms.,Joy,R.,Koski,,Scooters and Bikes Store,adventure-works\\pamela0,joy0@adventure-works.com,810-555-0198
92,Ms.,Jovita,A.,Carmody,,Sports Commodities,adventure-works\\david8,jovita0@adventure-works.com,646-555-0137
93,Mr.,Prashanth,,Desai,,Stationary Bikes and Stands,adventure-works\\jillian0,prashanth0@adventure-works.com,138-555-0156
94,Mr.,Scott,,Konersmann,,Specialty Sports Store,adventure-works\\jillian0,scott6@adventure-works.com,556-555-0192
95,Ms.,Jane,N.,Carmichael,,Rural Department Store,adventure-works\\shu0,jane0@adventure-works.com,716-555-0167
96,Ms.,Bonnie,B.,Lepro,,More Bikes!,adventure-works\\linda3,bonnie2@adventure-works.com,354-555-0130
97,Mr.,Eugene,,Kogan,,Mountain Bike Center,adventure-works\\shu0,eugene2@adventure-works.com,136-555-0134
100,Mr.,Kirk,T,King,,Up-To-Date Sports,adventure-works\\josé1,kirk2@adventure-works.com,979-555-0163
101,Mr.,William,J.,Conner,,Urban Sports Emporium,adventure-works\\josé1,william1@adventure-works.com,383-555-0111
102,Ms.,Linda,,Leste,,National Manufacturing,adventure-works\\garrett1,linda7@adventure-works.com,493-555-0134
106,Ms.,Andrea,A.,Thomsen,,West Side Mart,adventure-works\\jae0,andrea1@adventure-works.com,1 (11) 500 555-0120
109,Mr.,Daniel,P.,Thompson,,Travel Sports,adventure-works\\pamela0,daniel2@adventure-works.com,247-555-0197
110,Ms.,Kendra,N.,Thompson,,Vintage Sport Boutique,adventure-works\\david8,kendra0@adventure-works.com,464-555-0188
111,Mr.,Scott,A.,Colvin,,Westside Cycle Store,adventure-works\\jillian0,scott1@adventure-works.com,119-555-0144
112,Ms.,Elsie,L.,Lewin,,Town Industries,adventure-works\\jillian0,elsie0@adventure-works.com,803-555-0116
113,Mr.,Donald,M.,Thompson,,Trendy Department Stores,adventure-works\\shu0,donald1@adventure-works.com,273-555-0111
114,Mr.,John,L.,Colon,,Two Wheels Cycle Store,adventure-works\\linda3,john14@adventure-works.com,397-555-0144
115,Mr.,George,Z.,Li,,Security Racks and Locks Wholesalers,adventure-works\\shu0,george3@adventure-works.com,699-555-0183
118,Mr.,Yale,,Li,,Rapid Bikes,adventure-works\\josé1,yale0@adventure-works.com,316-555-0138
119,Ms.,Phyllis,A.,Thomas,,Red Bicycle Company,adventure-works\\josé1,phyllis2@adventure-works.com,667-555-0112
120,Mr.,Pat,,Coleman,,Machines & Cycles Store,adventure-works\\garrett1,pat2@adventure-works.com,292-555-0128
124,Ms.,Yuhong,,Li,,Nearby Sporting Goods,adventure-works\\jae0,yuhong1@adventure-works.com,1 (11) 500 555-0176
127,Mr.,Joseph,M.,Lique,,Front Sporting Goods,adventure-works\\pamela0,joseph2@adventure-works.com,119-555-0195
128,Ms.,Judy,J.,Thames,,Demand Distributors,adventure-works\\david8,judy3@adventure-works.com,799-555-0118
129,Ms.,Connie,L.,Coffman,,Discount Bicycle Specialists,adventure-works\\jillian0,connie0@adventure-works.com,426-555-0181
130,Mr.,Paulo,H.,Lisboa,,Elite Bikes,adventure-works\\jillian0,paulo0@adventure-works.com,380-555-0116
131,Ms.,Vanessa,J.,Tench,,Eighth Bike Store,adventure-works\\shu0,vanessa0@adventure-works.com,785-555-0163
132,Ms.,Teanna,M.,Cobb,,Another Sporting Goods Company,adventure-works\\linda3,teanna0@adventure-works.com,661-555-0168
133,Mr.,Michael,,Graff,,Commercial Sporting Goods,adventure-works\\shu0,michael16@adventure-works.com,132-555-0150
136,Mr.,Derek,,Graham,,Wholesale Parts,adventure-works\\josé1,derek0@adventure-works.com,674-555-0187
137,,Gytis,M,Barzdukas,,Transportation Options,adventure-works\\josé1,gytis0@adventure-works.com,257-555-0119
138,Ms.,Jane,,Clayton,,South Bike Company,adventure-works\\garrett1,jane1@adventure-works.com,206-555-0195
142,Mr.,Jon,,Grande,,Riding Cycles,adventure-works\\jae0,jon1@adventure-works.com,1 (11) 500 555-0114
145,Mr.,Ted,,Bremer,,Raw Materials Inc,adventure-works\\pamela0,ted0@adventure-works.com,962-555-0166
146,Mr.,Richard,,Bready,,Latest Sports Equipment,adventure-works\\david8,richard1@adventure-works.com,340-555-0131
147,Ms.,Alice,,Clark,,Local Hardware Factory,adventure-works\\jillian0,alice1@adventure-works.com,221-555-0141
148,Mr.,Alan,,Brewer,,Lots of Bikes Storehouse,adventure-works\\jillian0,alan1@adventure-works.com,494-555-0134
149,Mr.,Cornelius,L.,Brandon,,Initial Bike Company,adventure-works\\shu0,cornelius0@adventure-works.com,229-555-0114
150,Ms.,Jill,J.,Christie,,Fleet Bikes,adventure-works\\linda3,jill1@adventure-works.com,927-555-0198
151,Mr.,Walter,J.,Brian,IV,Futuristic Bikes,adventure-works\\shu0,walter0@adventure-works.com,163-555-0155
154,Mr.,Carlton,M.,Carlisle,,Camping and Sports Store,adventure-works\\josé1,carlton0@adventure-works.com,193-555-0116
155,Mr.,Joseph,N.,Castellucio,,Corner Bicycle Supply,adventure-works\\josé1,joseph1@adventure-works.com,180-555-0114
156,Mr.,Lester,J.,Bowman,Sr.,Metal Processing Company,adventure-works\\garrett1,lester0@adventure-works.com,844-555-0112
160,Ms.,Brigid,F.,Cavendish,,Vigorous Sports Store,adventure-works\\jae0,brigid0@adventure-works.com,1 (11) 500 555-0178
163,Mr.,Andrew,,Cencini,,Sports Merchandise,adventure-works\\pamela0,andrew2@adventure-works.com,644-555-0111
164,Ms.,Cindy,M.,Dodd,,Suburban Cycle Shop,adventure-works\\david8,cindy0@adventure-works.com,706-555-0140
165,Mr.,Randall,,Boseman,,Third Bike Store,adventure-works\\jillian0,randall0@adventure-works.com,383-555-0117
166,Ms.,Stacey,M.,Cereghino,,Fitness Toy Store,adventure-works\\jillian0,stacey0@adventure-works.com,351-555-0131
167,Mr.,Blaine,,Dockter,,Farthermost Bike Shop,adventure-works\\shu0,blaine0@adventure-works.com,156-555-0187
168,Sr.,Luis,,Bonifaz,,Economy Bikes Company,adventure-works\\linda3,luis0@adventure-works.com,688-555-0113
169,Ms.,Brenda,,Diaz,,Downtown Hotel,adventure-works\\shu0,brenda2@adventure-works.com,147-555-0192
172,Ms.,Gabriele,,Dickmann,,Certified Sports Supply,adventure-works\\josé1,gabriele0@adventure-works.com,835-555-0116
173,Mr.,Rudolph,J.,Dillon,Sr.,Sundry Sporting Goods,adventure-works\\josé1,rudolph0@adventure-works.com,722-555-0169
174,Mr.,Michael,L.,Bohling,,Toy Manufacturing Inc,adventure-works\\garrett1,michael12@adventure-works.com,838-555-0147
178,Mr.,Dick,,Dievendorff,,Rampart Amusement Company,adventure-works\\jae0,dick1@adventure-works.com,1 (11) 500 555-0193
180,Ms.,Nicky,E.,Chesnut,,Full-Service Bike Store,adventure-works\\michael9,nicky0@adventure-works.com,264-555-0164
181,Mr.,Michael,J.,Lee,,Family Entertainment Center,adventure-works\\pamela0,michael18@adventure-works.com,396-555-0139
182,Mr.,Stanley,A.,Alan,Jr.,Another Bicycle Company,adventure-works\\david8,stanley0@adventure-works.com,156-555-0126
183,Mr.,Yao-Qiang,,Cheng,,This Area Sporting Goods,adventure-works\\jillian0,yao-qiang0@adventure-works.com,344-555-0181
184,Ms.,Marjorie,M.,Lee,,Go-cart and Bike Specialists,adventure-works\\jillian0,marjorie0@adventure-works.com,306-555-0166
185,Mr.,Sandeep,,Kaliyath,,Weekend Bike Tours,adventure-works\\shu0,sandeep1@adventure-works.com,495-555-0113
186,Mr.,Pei,,Chow,,Thrilling Bike Tours,adventure-works\\linda3,pei0@adventure-works.com,789-555-0184
187,Mr.,Frank,,Campbell,,Trailblazing Sports,adventure-works\\shu0,frank4@adventure-works.com,491-555-0132
190,Mr.,Mark,,Lee,,Racing Partners,adventure-works\\josé1,mark5@adventure-works.com,371-555-0112
191,Ms.,Sandra,T.,Kitt,,Non-Slip Pedal Company,adventure-works\\josé1,sandra2@adventure-works.com,303-555-0117
192,Mr.,Hao,,Chen,,Nuts and Bolts Mfg.,adventure-works\\garrett1,hao1@adventure-works.com,117-555-0173
196,Ms.,Jolie,,Lenehan,,Exhibition Showroom,adventure-works\\jae0,jolie0@adventure-works.com,1 (11) 500 555-0126
197,Ms.,Diane,F.,Krane,,Fabrikam Inc.,,,
198,Mr.,Payton,P.,Benson,,Field Trip Inc,adventure-works\\michael9,payton0@adventure-works.com,528-555-0183
199,Mr.,Roger,,Lengel,,Authorized Bike Sales and Rental,adventure-works\\pamela0,roger1@adventure-works.com,947-555-0143
200,Ms.,Peggy,J.,Justice,,Basic Bike Company,adventure-works\\david8,peggy0@adventure-works.com,170-555-0189
201,Ms.,Edna,J.,Benson,,Unsurpassed Bikes,adventure-works\\jillian0,edna0@adventure-works.com,789-555-0189
203,Ms.,Jean,,Jordan,,Separate Parts Corporation,adventure-works\\shu0,jean3@adventure-works.com,207-555-0129
204,Mr.,Ido,,Ben-Sachar,,Traction Tire Company,adventure-works\\linda3,ido0@adventure-works.com,973-555-0112
205,Mr.,Frank,,Mart¡nez,,Rally Master Company Inc,adventure-works\\shu0,frank5@adventure-works.com,171-555-0147
208,Mr.,Steve,,Masters,,Professional Cyclists,adventure-works\\josé1,steve2@adventure-works.com,154-555-0115
209,Mr.,Robert,E.,Jones,,Purple Bicycle Company,adventure-works\\josé1,robert6@adventure-works.com,595-555-0131
210,Mr.,Josh,,Barnhill,,Gasless Cycle Shop,adventure-works\\garrett1,josh0@adventure-works.com,584-555-0192
214,Ms.,Jennifer,J.,Maxham,,Exclusive Bicycle Mart,adventure-works\\jae0,jennifer1@adventure-works.com,1 (11) 500 555-0175
217,Mr.,Chris,,Maxwell,,City Manufacturing,adventure-works\\pamela0,chris6@adventure-works.com,642-555-0187
218,Mr.,David,,Johnson,,Sure & Reliable Sporting Goods,adventure-works\\david8,david18@adventure-works.com,476-555-0139
219,Mr.,Brian,,Johnson,,Extras Sporting Goods,adventure-works\\jillian0,brian6@adventure-works.com,320-555-0134
220,Mr.,Robert,,Brown,,Best o' Bikes,adventure-works\\jillian0,robert5@adventure-works.com,575-555-0189
221,Ms.,Sandra,B.,Maynard,,Bike Dealers Association,adventure-works\\shu0,sandra4@adventure-works.com,993-555-0179
222,Mr.,Barry,,Johnson,,Sample Bike Store,adventure-works\\linda3,barry1@adventure-works.com,858-555-0140
223,Ms.,Joyce,,Jarvis,,Paints and Solvents Company,adventure-works\\shu0,joyce0@adventure-works.com,458-555-0179
226,Ms.,Vance,P.,Johns,,Leisure Activities,adventure-works\\josé1,vance0@adventure-works.com,103-555-0151
227,Ms.,Robin,M.,McGuigan,,Health Spa,,,
228,Ms.,Danielle,B.,Johnson,,Home Town Bike Store,adventure-works\\garrett1,danielle1@adventure-works.com,356-555-0190
232,Mr.,David,,Jaffe,,Exceptional Cycle Services,adventure-works\\jae0,david17@adventure-works.com,1 (11) 500 555-0140
235,Ms.,Mary,,Alexander,,Certified Bicycle Supply,adventure-works\\pamela0,mary7@adventure-works.com,344-555-0133
236,Ms.,Lola,M.,McCarthy,,Closeout Boutique,adventure-works\\david8,lola0@adventure-works.com,173-555-0151
237,Ms.,Mary,K.,Browning,,Client Discount Store,adventure-works\\jillian0,mary5@adventure-works.com,658-555-0146
238,Ms.,Jodan,M.,Jacobson,,A Great Bicycle Company,adventure-works\\jillian0,jodan0@adventure-works.com,652-555-0189
239,Ms.,Jane,A.,McCarty,,Bicycle Merchandise Warehouse,adventure-works\\shu0,jane3@adventure-works.com,529-555-0195
240,Mr.,Jessie,E.,Valerio,,Wire Baskets and Parts,adventure-works\\linda3,jessie0@adventure-works.com,103-555-0179
241,Mr.,Eric,A.,Jacobsen,,Vale Riding Supplies,adventure-works\\shu0,eric5@adventure-works.com,703-555-0120
244,Mr.,Bronson,R.,Jacobs,,Retail Discount Store,adventure-works\\josé1,bronson0@adventure-works.com,697-555-0131
245,Mr.,James,L.,McCoy,II,Leather Seat Factory,adventure-works\\josé1,james12@adventure-works.com,191-555-0151
246,Ms.,Esther,K.,Valle,,Large Bike Shop,adventure-works\\garrett1,esther0@adventure-works.com,481-555-0131
250,Ms.,Denean,J.,Ison,,Express Bike Services,adventure-works\\jae0,denean0@adventure-works.com,1 (11) 500 555-0127
253,Mr.,Erik,,Ismert,,Roving Sports,adventure-works\\pamela0,erik0@adventure-works.com,116-555-0163
254,Mr.,Robert,M.,Bernacchi,,Safe Cycles Shop,adventure-works\\david8,robert4@adventure-works.com,449-555-0176
255,Mr.,Sunil,,Uppal,,Swift Cycles,adventure-works\\jillian0,sunil0@adventure-works.com,184-555-0187
256,Mr.,Richard,L.,Irwin,,Rental Bikes,adventure-works\\jillian0,richard4@adventure-works.com,367-555-0124
257,Mr.,Matthias,,Berndt,,Number 1 Supply,adventure-works\\shu0,matthias1@adventure-works.com,384-555-0169
258,Mr.,Sairaj,,Uddin,,Quantity Discounts,adventure-works\\linda3,sairaj1@adventure-works.com,767-555-0193
259,Mr.,Lucio,,Iallo,,Highway Bike Shop,adventure-works\\shu0,lucio0@adventure-works.com,199-555-0135
262,Ms.,Beth,,Inghram,,General Industries,adventure-works\\josé1,beth0@adventure-works.com,718-555-0152
263,Mr.,Timothy,B.,Burnett,Jr.,Farthest Bike Store,adventure-works\\josé1,timothy0@adventure-works.com,251-555-0172
264,Ms.,Phyllis,B.,Tuffield,,Fasteners & Bolts Outlet,adventure-works\\garrett1,phyllis3@adventure-works.com,277-555-0182
268,Mr.,Richard,A.,Byham,,Channel Outlet,adventure-works\\jae0,richard2@adventure-works.com,1 (11) 500 555-0138
271,Mr.,Jared,L.,Bustamante,,Alternative Vehicles,adventure-works\\pamela0,jared0@adventure-works.com,164-555-0147
272,Mr.,Henry,L.,Campen,,Metro Cycle Shop,adventure-works\\david8,henry0@adventure-works.com,635-555-0126
273,Ms.,Christie,J.,Trujillo,,A Typical Bike Shop,adventure-works\\jillian0,christie0@adventure-works.com,686-555-0180
274,Ms.,Janet,J.,Gilliat,,Active Systems,adventure-works\\jillian0,janet2@adventure-works.com,521-555-0183
275,Mr.,Chris,,Cannon,,Outdoor Sporting Goods,adventure-works\\shu0,chris5@adventure-works.com,118-555-0131
276,Mr.,Michael John,R.,Troyer,,Thrifty Parts and Sales,adventure-works\\linda3,michaeljohn0@adventure-works.com,308-555-0175
277,Mr.,Guy,,Gilbert,,The Bicycle Accessories Company,adventure-works\\shu0,guy0@adventure-works.com,583-555-0198
280,Mr.,Frances,J.,Giglio,,Standard Bikes,adventure-works\\josé1,frances1@adventure-works.com,692-555-0136
281,Ms.,Suzana De Abreu,A.,Canuto,,Petroleum Products Distributors,adventure-works\\josé1,suzanadeabreu0@adventure-works.com,990-555-0141
282,Mr.,Billy,J.,Trent,,Quick Parts and Service,adventure-works\\garrett1,billy0@adventure-works.com,882-555-0115
286,Mr.,Leo,,Giakoumakis,,Number One Bike Co.,adventure-works\\jae0,leo0@adventure-works.com,1 (11) 500 555-0169
287,Mr.,Grant,,Culbertson,,Handy Bike Services,adventure-works\\michael9,grant1@adventure-works.com,859-555-0173
288,Mr.,Robert,L.,Barker,,Kickstand Sellers,adventure-works\\michael9,robert3@adventure-works.com,241-555-0112
289,Ms.,Gabriel,L.,Bockenkamp,,Moderately-Priced Bikes Store,adventure-works\\pamela0,gabriel0@adventure-works.com,763-555-0145
290,Mr.,Scott,,Culp,,Friendly Bike Shop,adventure-works\\david8,scott3@adventure-works.com,119-555-0167
291,Mr.,Wayne,N.,Banack,,Grand Bicycle Stores,adventure-works\\jillian0,wayne0@adventure-works.com,640-555-0189
292,Mr.,Michael,Greg,Blythe,,Grease and Oil Products Company,adventure-works\\jillian0,michael11@adventure-works.com,126-555-0172
293,Mr.,Conor,,Cunningham,,Fashionable Bikes and Accessories,adventure-works\\shu0,conor0@adventure-works.com,115-555-0113
294,Mr.,Alberto,F.,Baltazar,,Flawless Bike Shop,adventure-works\\linda3,alberto0@adventure-works.com,780-555-0114
295,Mr.,Joseph,P.,Mitzner,Jr.,Engineered Bike Systems,adventure-works\\shu0,joseph4@adventure-works.com,129-555-0164
298,Mr.,Robert,,Mitosinka,,City Cycling,adventure-works\\josé1,robert10@adventure-works.com,239-555-0198
299,Mr.,Thierry,,D'Hers,,Citywide Service and Repair,adventure-works\\josé1,thierry1@adventure-works.com,680-555-0192
300,Mr.,Daniel,,Blanco,,Nice Bikes,adventure-works\\garrett1,daniel0@adventure-works.com,221-555-0167
304,Ms.,Linda,,Mitchell,,Essential Bike Works,adventure-works\\jae0,linda9@adventure-works.com,1 (11) 500 555-0182
306,Mr.,Stephen,M.,Ayers,,Work and Play Association,adventure-works\\michael9,stephen1@adventure-works.com,818-555-0171
307,Ms.,Neva,M.,Mitchell,,Riding Associates,adventure-works\\pamela0,neva0@adventure-works.com,992-555-0134
308,Ms.,Megan,N.,Davis,,Rugged Bikes,adventure-works\\david8,megan1@adventure-works.com,839-555-0198
309,Mr.,John,,Arthur,,The Gear Store,adventure-works\\jillian0,john6@adventure-works.com,149-555-0113
310,Mr.,Frank,,Miller,,Orange Bicycle Company,adventure-works\\jillian0,frank6@adventure-works.com,118-555-0184
311,Sr.,Alvaro,,De Matos Miranda Filho,,Principal Bike Company,adventure-works\\shu0,alvaro0@adventure-works.com,551-555-0155
312,Mr.,Thomas,B.,Armstrong,Jr.,Resale Services,adventure-works\\linda3,thomas1@adventure-works.com,226-555-0146
313,Mr.,Dylan,,Miller,,Metropolitan Manufacturing,adventure-works\\shu0,dylan1@adventure-works.com,140-555-0192
316,Mr.,Ben,,Miller,,Low Price Cycles,adventure-works\\josé1,ben1@adventure-works.com,207-555-0167
317,Mr.,Jacob,N.,Dean,,Finer Riding Supplies,adventure-works\\josé1,jacob0@adventure-works.com,767-555-0151
318,Ms.,Ann,,Beebe,,First-Rate Outlet,adventure-works\\garrett1,ann0@adventure-works.com,277-555-0169
322,Mr.,Matthew,J.,Miller,,Tachometers and Accessories,adventure-works\\jae0,matthew5@adventure-works.com,1 (11) 500 555-0176
323,Mr.,Jo,,Brown,,Metro Bike Works,adventure-works\\michael9,jo2@adventure-works.com,689-555-0130
325,Ms.,Virginia,L.,Miller,,All Cycle Shop,adventure-works\\pamela0,virginia0@adventure-works.com,918-555-0127
326,Mr.,Scott,,Gode,,Year-Round Sports,adventure-works\\david8,scott4@adventure-works.com,164-555-0145
327,Ms.,Caroline,A.,Vicknair,,World of Bikes,adventure-works\\jillian0,caroline0@adventure-works.com,695-555-0158
328,Mr.,Robert,R.,Vessa,,Totes & Baskets Company,adventure-works\\jillian0,robert13@adventure-works.com,560-555-0171
330,Mr.,Mete,,Goktepe,,The New Bike Store,adventure-works\\linda3,mete0@adventure-works.com,637-555-0120
331,Ms.,Wanda,F.,Vernon,,Technical Parts Manufacturing,adventure-works\\shu0,wanda0@adventure-works.com,433-555-0168
334,Ms.,Dora,P.,Verdad,,Retreat Inn,adventure-works\\josé1,dora0@adventure-works.com,155-555-0140
335,Mr.,John,M.,Berger,Jr.,Scratch-Resistant Finishes Company,adventure-works\\josé1,john10@adventure-works.com,156-555-0111
336,Mr.,Brian,R,Goldstein,,Primary Bike Distributors,adventure-works\\garrett1,brian4@adventure-works.com,495-555-0161
340,Mr.,Raja,D.,Venugopal,,Nearby Cycle Shop,adventure-works\\jae0,raja0@adventure-works.com,1 (11) 500 555-0195
343,Ms.,Patricia,M.,Vasquez,,Mail-Order Outlet,adventure-works\\pamela0,patricia2@adventure-works.com,490-555-0132
344,Ms.,Karren,K.,Burkhardt,,Fifth Bike Store,adventure-works\\david8,karren0@adventure-works.com,652-555-0132
345,Ms.,Abigail,J.,Gonzalez,,Genial Bike Associates,adventure-works\\jillian0,abigail0@adventure-works.com,121-555-0139
346,Mr.,Ranjit,Rudra,Varkey Chudukatil,,Great Bicycle Supply,adventure-works\\jillian0,ranjit1@adventure-works.com,810-555-0160
347,Ms.,Ingrid,K.,Burkhardt,,Bike Universe,adventure-works\\shu0,ingrid0@adventure-works.com,857-555-0187
348,Mr.,Oscar,L.,Alpuerto,,Bold Bike Accessories,adventure-works\\linda3,oscar0@adventure-works.com,855-555-0174
349,Mr.,Gary,T,Vargas,,Exercise Center,adventure-works\\shu0,gary6@adventure-works.com,112-555-0176
352,Mr.,Shane,S.,Kim,,Twelfth Bike Store,adventure-works\\josé1,shane2@adventure-works.com,155-555-0149
353,Ms.,Joan,M.,Campbell,,Two-Wheeled Transit Company,adventure-works\\josé1,joan0@adventure-works.com,700-555-0155
354,Mr.,Maxwell,J.,Amland,,Serious Cycles,adventure-works\\garrett1,maxwell0@adventure-works.com,614-555-0134
358,Mr.,Joe,,Kim,,Mail Market,adventure-works\\jae0,joe1@adventure-works.com,1 (11) 500 555-0144
360,Ms.,Ramona,J.,Antrim,,Novelty Bikes,adventure-works\\michael9,ramona0@adventure-works.com,327-555-0148
361,Ms.,Karan,,Khanna,,Fitness Supplies,adventure-works\\pamela0,karan1@adventure-works.com,390-555-0150
362,Ms.,Sharon,A.,Crow,,Grand Cycle Store,adventure-works\\david8,sharon1@adventure-works.com,889-555-0176
363,Mr.,Chris,,Ashton,,Immense Manufacturing Company,adventure-works\\jillian0,chris3@adventure-works.com,556-555-0145
364,Mr.,Imtiaz,,Khan,,District Mall,adventure-works\\jillian0,imtiaz0@adventure-works.com,249-555-0179
365,Mr.,Jack,,Creasey,,Distinctive Store,adventure-works\\shu0,jack2@adventure-works.com,539-555-0182
366,Ms.,Teresa,,Atkinson,,Extended Bike Sales,adventure-works\\linda3,teresa0@adventure-works.com,129-555-0110
367,Ms.,Tammy,J.,Khan,,Brown Bicycle Company,adventure-works\\shu0,tammy0@adventure-works.com,145-555-0166
370,Ms.,Elizabeth,,Keyser,,Acceptable Sales & Service,adventure-works\\josé1,elizabeth2@adventure-works.com,656-555-0173
371,Mr.,Bruno,,Costa Da Silva,,Custom Sales and Service,adventure-works\\josé1,bruno0@adventure-works.com,140-555-0143
372,Ms.,Katherine,K.,Swan,,Top Bike Market,adventure-works\\garrett1,katherine1@adventure-works.com,421-555-0192
376,Ms.,Mary,R.,Kesslep,,Commerce Bicycle Specialists,adventure-works\\jae0,mary8@adventure-works.com,1 (11) 500 555-0146
377,Mr.,Marlin,M.,Coriell,,Grand Sport Boutique,adventure-works\\michael9,marlin0@adventure-works.com,941-555-0155
379,Mr.,Kevin,,Kennedy,,Fad Outlet,adventure-works\\pamela0,kevin4@adventure-works.com,275-555-0179
380,Ms.,Eva,,Corets,,First Department Stores,adventure-works\\david8,eva0@adventure-works.com,542-555-0164
381,Ms.,Julie,,Taft-Rider,,Bicycle Lines Distributors,adventure-works\\jillian0,julie1@adventure-works.com,145-555-0194
382,Mr.,Robert,,Kelly,,Beneficial Exercises and Activities,adventure-works\\jillian0,robert7@adventure-works.com,510-555-0123
383,Mr.,Scott,,Cooper,,Vehicle Shop,adventure-works\\shu0,scott2@adventure-works.com,773-555-0182
384,Mr.,Clarence,R.,Tatman,,Sparkling Paint and Finishes,adventure-works\\linda3,clarence0@adventure-works.com,787-555-0128
385,Mr.,John,,Kelly,,Sturdy Toys,adventure-works\\shu0,john22@adventure-works.com,330-555-0116
388,Mr.,Victor,A.,Kelley,,Road Way Sales and Rental,adventure-works\\josé1,victor0@adventure-works.com,112-555-0195
389,Ms.,Dorothy,J.,Contreras,,Sixth Bike Store,adventure-works\\josé1,dorothy0@adventure-works.com,428-555-0176
390,Mr.,Mike,M.,Taylor,,Plastic Parts Company,adventure-works\\garrett1,mike6@adventure-works.com,204-555-0189
394,Ms.,Bonnie,,Kearney,,Little Sports Center,adventure-works\\jae0,bonnie1@adventure-works.com,1 (11) 500 555-0116
395,Ms.,June,B.,Brunner,,Online Bike Sellers,adventure-works\\michael9,june0@adventure-works.com,249-555-0172
397,Mr.,Sandeep,,Katyal,,Capable Sales and Service,adventure-works\\pamela0,sandeep2@adventure-works.com,928-555-0117
398,Ms.,Shirley,R.,Bruner,,Commendable Bikes,adventure-works\\david8,shirley0@adventure-works.com,383-555-0155
399,Mr.,Chad,J.,Tedford,,Big Cycle Mall,adventure-works\\jillian0,chad1@adventure-works.com,588-555-0128
400,Mr.,Peter,,Houston,,Local Sales and Rental,adventure-works\\jillian0,peter3@adventure-works.com,632-555-0171
401,Mr.,Tom,H,Johnston,,Brightwork Company,adventure-works\\shu0,tom1@adventure-works.com,883-555-0177
402,Ms.,Marian,M.,Berch,,Pro Sporting Goods,adventure-works\\linda3,marian0@adventure-works.com,640-555-0198
403,Ms.,Juanita,J.,Holman,,Affordable Sports Equipment,adventure-works\\shu0,juanita0@adventure-works.com,996-555-0196
406,Mr.,Eddie,M.,Holmes,,The Commissary,adventure-works\\josé1,eddie0@adventure-works.com,570-555-0199
407,Mr.,Robert,A.,Avalos,,Workout Emporium,adventure-works\\josé1,robert2@adventure-works.com,665-555-0198
408,Mr.,Alexander,J.,Berger,II,Odometers and Accessories Company,adventure-works\\garrett1,alexander0@adventure-works.com,519-555-0151
412,Ms.,Jean,J.,Holloway,,Leisure Clearing House,adventure-works\\jae0,jean2@adventure-works.com,1 (11) 500 555-0181
415,Mr.,Greg,,Chapman,,Imaginary Toys,adventure-works\\pamela0,greg1@adventure-works.com,708-555-0169
416,Ms.,Angela,,Barbariol,,Impromptu Trips,adventure-works\\david8,angela1@adventure-works.com,134-555-0182
417,Ms.,Ruth,A.,Choin,,Genuine Bike Shop,adventure-works\\jillian0,ruth1@adventure-works.com,273-555-0181
418,Mr.,Lee,J.,Chapla,,Good Bike Shop,adventure-works\\jillian0,lee0@adventure-works.com,223-555-0184
419,Mr.,Darrell,M.,Banks,,Exertion Activities Club,adventure-works\\shu0,darrell0@adventure-works.com,816-555-0118
420,Mr.,Anthony,,Chor,,Extreme Riding Supplies,adventure-works\\linda3,anthony0@adventure-works.com,429-555-0145
421,Mr.,Forrest,J.,Chandler,,Fitness Cycling,adventure-works\\shu0,forrest0@adventure-works.com,448-555-0179
424,Mr.,Eli,,Bowen,,Bikes for Two,adventure-works\\josé1,eli0@adventure-works.com,371-555-0143
425,Mr.,Stephen,Yuan,Jiang,,Bikes for Kids and Adults,adventure-works\\josé1,stephen3@adventure-works.com,910-555-0116
426,Mr.,Dirk,J.,Bruno,,Custom Accessories Company,adventure-works\\garrett1,dirk0@adventure-works.com,817-555-0114
430,Sr.,Gustavo,,Camargo,,Uttermost Bike Shop,adventure-works\\jae0,gustavo1@adventure-works.com,1 (11) 500 555-0118
431,Mr.,Douglas,A.,Baldwin,Jr.,Small Cycle Store,adventure-works\\michael9,douglas1@adventure-works.com,583-555-0130
433,Ms.,Lindsey,R.,Camacho,,Thorough Parts and Repair Services,adventure-works\\pamela0,lindsey0@adventure-works.com,827-555-0143
434,Mr.,James,B.,Bailey,Jr.,Road-Way Mart,adventure-works\\david8,james3@adventure-works.com,234-555-0112
435,Ms.,Carol,B.,Elliott,,Satin Finish Company,adventure-works\\jillian0,carol2@adventure-works.com,847-555-0151
436,Ms.,Barbara,J.,Calone,,Sheet Metal Manufacturing,adventure-works\\jillian0,barbara2@adventure-works.com,145-555-0152
437,Ms.,Megan,E.,Burke,,Professional Cycle Store,adventure-works\\shu0,megan0@adventure-works.com,148-555-0149
438,Mr.,Cory,K.,Booth,,Remarkable Bike Store,adventure-works\\linda3,cory0@adventure-works.com,121-555-0157
439,Ms.,Shannon,P.,Elliott,,Regional Manufacturing,adventure-works\\shu0,shannon0@adventure-works.com,425-555-0158
442,Ms.,Jauna,E.,Elson,,Original Bicycle Supply Company,adventure-works\\josé1,jauna0@adventure-works.com,185-555-0190
443,Sra.,Janaina Barreiro Gambaro,,Bueno,,Courteous Bicycle Specialists,adventure-works\\josé1,janainabarreirogambaro0@adventure-works.com,476-555-0184
444,Mr.,Shaun,,Beasley,,Finer Cycle Shop,adventure-works\\garrett1,shaun0@adventure-works.com,396-555-0187
448,Mr.,Terry,,Eminhizer,,Action Bicycle Specialists,adventure-works\\jae0,terry1@adventure-works.com,1 (11) 500 555-0176
451,Mr.,John,,Emory,,Roadway Bike Emporium,adventure-works\\pamela0,john16@adventure-works.com,691-555-0149
452,Ms.,Olga,J.,Trau,,A Cycle Shop,adventure-works\\david8,olga0@adventure-works.com,398-555-0167
453,Mr.,Jon,,Ganio,,Unique Bikes,adventure-works\\jillian0,jon0@adventure-works.com,672-555-0112
454,Ms.,Gail,,Erickson,,Sleek Bikes ,adventure-works\\jillian0,gail1@adventure-works.com,834-555-0132
455,Mr.,James,R.,Tran,,Timely Shipping Service,adventure-works\\shu0,james15@adventure-works.com,740-555-0159
456,Mr.,Michael,,Galos,,Riding Excursions,adventure-works\\linda3,michael15@adventure-works.com,912-555-0149
457,Mr.,Mark,B,Erickson,,Retail Sporting Equipment,adventure-works\\shu0,mark2@adventure-works.com,962-555-0112
460,Ms.,Martha,R.,Espinoza,,Price-Cutter Discount Bikes,adventure-works\\josé1,martha0@adventure-works.com,753-555-0179
461,Mr.,Glenn,J.,Track,II,Active Life Toys,adventure-works\\josé1,glenn0@adventure-works.com,907-555-0170
462,Mr.,Bob,,Gage,,General Riding Supplies,adventure-works\\garrett1,bob1@adventure-works.com,962-555-0175
466,Sra.,Janeth,,Esteves,,Central Bicycle Specialists,adventure-works\\jae0,janeth1@adventure-works.com,1 (11) 500 555-0136
468,Mr.,Paul,J.,Fulton,,Blue Bicycle Company,adventure-works\\michael9,paul3@adventure-works.com,492-555-0146
469,Ms.,Twanna,R.,Evans,,Vast Bike Sales and Rental,adventure-works\\pamela0,twanna0@adventure-works.com,554-555-0124
470,Ms.,Delia,B.,Toone,,Wingtip Toys,adventure-works\\david8,delia0@adventure-works.com,328-555-0192
471,Mr.,John,,Ford,,Social Activities Club,adventure-works\\jillian0,john19@adventure-works.com,596-555-0153
472,Ms.,Ann,R.,Evans,,Summer Sports Place,adventure-works\\jillian0,ann1@adventure-works.com,252-555-0127
473,Ms.,Kay,E.,Krane,,Racing Toys,adventure-works\\shu0,kay0@adventure-works.com,731-555-0187
474,Mr.,Mihail,,Frintu,,Retail Cycle Shop,adventure-works\\linda3,mihail1@adventure-works.com,777-555-0163
475,Mr.,John,,Evans,,Real Sporting Goods,adventure-works\\shu0,john17@adventure-works.com,581-555-0172
478,Ms.,Ruby Sue,R.,Styles,,Major Cycling,adventure-works\\josé1,rubysue0@adventure-works.com,512-555-0122
479,Ms.,Lori,,Kane,,General Supplies,adventure-works\\josé1,lori2@adventure-works.com,765-555-0141
480,Ms.,Susan,E.,French,,General Bike Corporation,adventure-works\\garrett1,susan3@adventure-works.com,994-555-0194
484,Mr.,Gary,J.,Suess,,Downhill Bicycle Specialists,adventure-works\\jae0,gary5@adventure-works.com,1 (11) 500 555-0199
487,Ms.,Ruth,J.,Suffin,,Bike Experts,adventure-works\\pamela0,ruth2@adventure-works.com,924-555-0195
488,Ms.,Margaret,J.,Smith,,Bicycle Accessories and Kits,adventure-works\\david8,margaret0@adventure-works.com,959-555-0151
489,Ms.,Dorothy,J.,Fox,,Cash & Carry Bikes,adventure-works\\jillian0,dorothy1@adventure-works.com,191-555-0198
490,Ms.,Elizabeth,J.,Sullivan,,Extraordinary Bike Works,adventure-works\\jillian0,elizabeth4@adventure-works.com,306-555-0112
491,Ms.,Frances,B.,Adams,,Area Bike Accessories,adventure-works\\shu0,frances0@adventure-works.com,991-555-0183
492,Mr.,Garth,,Fort,,Basic Sports Equipment,adventure-works\\linda3,garth0@adventure-works.com,768-555-0125
493,Mr.,Michael,,Sullivan,,Valley Bicycle Distributors,adventure-works\\shu0,michael24@adventure-works.com,323-555-0113
496,Ms.,Marcia,J.,Sultan,,Top Sports Supply,adventure-works\\josé1,marcia0@adventure-works.com,613-555-0116
497,Ms.,Amy,E.,Alberts,,Valley Toy Store,adventure-works\\josé1,amy1@adventure-works.com,727-555-0115
498,Ms.,Kelly,,Focht,,Quick Delivery Service,adventure-works\\garrett1,kelly0@adventure-works.com,272-555-0123
502,Mr.,Krishna,,Sunkammurali,,Metropolitan Bicycle Supply,adventure-works\\jae0,krishna1@adventure-works.com,1 (11) 500 555-0177
504,Ms.,Mae,M.,Black,,Historic Bicycle Sales,adventure-works\\michael9,mae1@adventure-works.com,264-555-0143
505,Mr.,Brad,,Sutton,,Honest Repair Service,adventure-works\\pamela0,brad0@adventure-works.com,688-555-0115
506,Mr.,François,,Ferrier,,Great Bikes ,adventure-works\\david8,françois1@adventure-works.com,571-555-0128
507,Mr.,Mary,,Bishop,,Global Sporting Goods,adventure-works\\jillian0,mary4@adventure-works.com,176-555-0136
508,Mr.,Martin,J.,Svoboda,IV,Designer Department Stores,adventure-works\\jillian0,martin1@adventure-works.com,132-555-0149
509,Mr.,Robert,E.,Ahlering,,Fun Toys and Bikes,adventure-works\\shu0,robert1@adventure-works.com,678-555-0175
510,Mr.,Jimmy,,Bischoff,,World Bike Discount Store,adventure-works\\linda3,jimmy1@adventure-works.com,992-555-0111
511,Mr.,Abraham,L.,Swearengin,,Wheel Gallery,adventure-works\\shu0,abraham0@adventure-works.com,926-555-0136
514,Mr.,Ryan,,Calafato,,Retail Mall,adventure-works\\josé1,ryan1@adventure-works.com,726-555-0155
515,Mr.,Dragan,,Tomic,,Rural Bicycle Supply,adventure-works\\josé1,dragan1@adventure-works.com,833-555-0167
516,Mr.,Thomas,R.,Michaels,,Seats and Saddles Company,adventure-works\\garrett1,thomas2@adventure-works.com,162-555-0174
520,Ms.,Mari,B.,Caldwell,,Metro Metals Co.,adventure-works\\jae0,mari0@adventure-works.com,1 (11) 500 555-0118
523,Ms.,Mary,M.,Gimmi,,Futuristic Sport Distributors,adventure-works\\shu0,mary6@adventure-works.com,149-555-0196
526,Mr.,David,L.,Givens,,Finer Sales and Service,adventure-works\\josé1,david15@adventure-works.com,605-555-0111
527,Ms.,Diane,,Tibbott,,Fun Times Club,adventure-works\\shu0,diane5@adventure-works.com,847-555-0184
528,Ms.,Helen,M.,Meyer,,Alpine Ski House,adventure-works\\linda3,helen2@adventure-works.com,519-555-0112
529,Ms.,Jeanie,R.,Glenn,PhD,Big-Time Bike Store,adventure-works\\shu0,jeanie0@adventure-works.com,669-555-0149
532,Ms.,Diane,R.,Glimp,,The Showroom,adventure-works\\josé1,diane3@adventure-works.com,898-555-0137
533,Ms.,Yuping,,Tian,,Tenth Bike Store,adventure-works\\josé1,yuping0@adventure-works.com,744-555-0123
534,Mr.,Stephen,A.,Mew,,Recommended Bicycles,adventure-works\\garrett1,stephen4@adventure-works.com,399-555-0114
538,Mr.,John,R.,Brooks,,Prosperous Tours,adventure-works\\jae0,john12@adventure-works.com,1 (11) 500 555-0179
541,Mr.,Willie,P.,Brooks,Jr.,Nonskid Tire Company,adventure-works\\pamela0,willie0@adventure-works.com,525-555-0174
542,Mr.,Andrew,P.,Kobylinski,,Finer Parts Shop,adventure-works\\david8,andrew5@adventure-works.com,129-555-0185
543,Mr.,R. Morgan,L.,Mendoza,,Friendly Neighborhood Bikes,adventure-works\\jillian0,rmorgan0@adventure-works.com,963-555-0146
544,Mr.,Jay,,Adams,,Valley Bicycle Specialists,adventure-works\\jillian0,jay1@adventure-works.com,158-555-0142
545,Mr.,Christian,,Kleinerman,,Finish and Sealant Products,adventure-works\\shu0,christian1@adventure-works.com,362-555-0177
546,Mr.,Anton,,Kirilov,,Field Trip Store,adventure-works\\linda3,anton0@adventure-works.com,608-555-0162
547,Ms.,Gladys,F.,Mendiola,,Curbside Sporting Goods,adventure-works\\shu0,gladys0@adventure-works.com,535-555-0189
550,Ms.,Raquel,,Mello,,Remote Bicycle Specialists,adventure-works\\josé1,raquel0@adventure-works.com,723-555-0124
551,Mr.,Samuel,N.,Agcaoili,,Vinyl and Plastic Goods Corporation,adventure-works\\josé1,samuel0@adventure-works.com,554-555-0110
552,Mr.,Tim,,Kim,,Consolidated Messenger,adventure-works\\garrett1,tim0@adventure-works.com,244-555-0115
556,Ms.,Nancy,A.,McPhearson,,Variety Cycling,adventure-works\\jae0,nancy3@adventure-works.com,1 (11) 500 555-0195
559,Ms.,Nkenge,,McLin,,Some Discount Store,adventure-works\\pamela0,nkenge0@adventure-works.com,158-555-0123
560,Mr.,Paul,L.,Alcorn,,Major Sport Suppliers,adventure-works\\david8,paul2@adventure-works.com,331-555-0162
561,Mr.,Marvin,N.,Allen,,Mountain Toy Store,adventure-works\\jillian0,marvin0@adventure-works.com,447-555-0110
562,Ms.,Yvonne,,McKay,,Practical Bike Supply Company,adventure-works\\jillian0,yvonne1@adventure-works.com,623-555-0144
563,Mr.,Sean,P.,Jacobson,,Systematic Sales,adventure-works\\shu0,sean2@adventure-works.com,555-555-0162
564,Ms.,Michelle,,Alexander,,Imported and Domestic Cycles,adventure-works\\linda3,michelle0@adventure-works.com,115-555-0175
565,Mr.,Richard,M.,Bentley,Jr.,Metallic Paint and Overcoat Co,adventure-works\\shu0,richard0@adventure-works.com,911-555-0153
568,Mr.,Curtis,P.,Howard,,Economy Center,adventure-works\\josé1,curtis0@adventure-works.com,555-555-0162
569,Mr.,Cecil,J.,Allison,,Designated Distributors,adventure-works\\josé1,cecil0@adventure-works.com,699-555-0155
570,Mr.,Gregory,F.,Alderson,,Family's Favorite Bike Shop,adventure-works\\garrett1,gregory0@adventure-works.com,968-555-0153
574,Ms.,Janice,K.,Hows,,Area Sheet Metal Supply,adventure-works\\jae0,janice1@adventure-works.com,1 (11) 500 555-0119
577,Mr.,George,M.,Huckaby,,Synthetic Materials Manufacturing,adventure-works\\pamela0,george1@adventure-works.com,851-555-0127
578,Ms.,Carolyn,,Farino,,The Bike Shop,adventure-works\\david8,carolyn0@adventure-works.com,957-555-0125
579,Ms.,Kim,,Abercrombie,,Riders Company,adventure-works\\jillian0,kim2@adventure-works.com,334-555-0137
580,Mr.,Joshua,J.,Huff,,Rural Sales and Service,adventure-works\\jillian0,joshua0@adventure-works.com,190-555-0186
581,Ms.,Geri,P.,Farrell,,Safe Toys,adventure-works\\shu0,geri0@adventure-works.com,329-555-0183
582,Ms.,Catherine,R.,Abel,,Professional Sales and Service,adventure-works\\linda3,catherine0@adventure-works.com,747-555-0171
583,Ms.,Laura,C.,Steele,,Professional Containers and Packaging Co.,adventure-works\\shu0,laura3@adventure-works.com,741-555-0173
586,Ms.,Shanay,B.,Steelman,,One Bike Company,adventure-works\\josé1,shanay0@adventure-works.com,797-555-0118
587,Ms.,Rhoda,J.,Finley,,Our Sporting Goods Store,adventure-works\\josé1,rhoda0@adventure-works.com,920-555-0191
588,Mr.,Pat,A.,Chambers,,General Cycle Storehouse,adventure-works\\garrett1,pat1@adventure-works.com,127-555-0124
592,Mr.,Stefano,,Stefani,,Cycling Goods,adventure-works\\jae0,stefano0@adventure-works.com,1 (11) 500 555-0115
595,Mr.,Alan,,Steiner,,Cycle Clearance,adventure-works\\pamela0,alan4@adventure-works.com,792-555-0194
596,Ms.,Kathie,,Flood,,Coho Sports,adventure-works\\david8,kathie1@adventure-works.com,627-555-0192
597,Mr.,Bob,,Hodges,,All Seasons Sports Supply,adventure-works\\jillian0,bob2@adventure-works.com,129-555-0120
598,Mr.,Derik,,Stenerson,,Black Bicycle Company,adventure-works\\jillian0,derik0@adventure-works.com,441-555-0144
599,Mr.,Raul,E.,Casts,,Westside Plaza,adventure-works\\shu0,raul0@adventure-works.com,362-555-0162
600,Ms.,Holly,J.,Holt,,Strenuous Exercise Shop,adventure-works\\linda3,holly1@adventure-works.com,654-555-0150
601,Mr.,Vassar,J.,Stern,,Transport Bikes,adventure-works\\shu0,vassar0@adventure-works.com,328-555-0123
604,Ms.,Wathalee,R.,Steuber,,Sellers of Cycles,adventure-works\\pamela0,wathalee0@adventure-works.com,517-555-0120
605,Mr.,Matthew,J.,Cavallari,,Outstanding Cycles,adventure-works\\david8,matthew1@adventure-works.com,695-555-0161
606,Ms.,Helge,,Hoeing,,Little Bicycle Supply Shop,adventure-works\\jillian0,helge0@adventure-works.com,850-555-0198
607,Ms.,Alice,M.,Steiner,,Maintenance and Repair for Bicycles,adventure-works\\jillian0,alice4@adventure-works.com,355-555-0180
608,Mr.,Steven,B.,Brown,IV,Golf and Cycle Store,adventure-works\\shu0,steven1@adventure-works.com,280-555-0124
609,Mr.,David,,Hodgson,,Good Toys,adventure-works\\linda3,david16@adventure-works.com,969-555-0117
610,Ms.,Liza Marie,N.,Stevens,,Fitness Department Stores,adventure-works\\shu0,lizamarie0@adventure-works.com,366-555-0110
613,Mr.,Jim,,Stewart,,Famous Bike Shop,adventure-works\\garrett1,jim5@adventure-works.com,226-555-0110
617,Ms.,Arlene,,Huff,,Tubeless Tire Company,adventure-works\\jae0,arlene0@adventure-works.com,1 (11) 500 555-0146
620,Mr.,Matthew,M.,Hunter,,Tires and Tubes,adventure-works\\pamela0,matthew4@adventure-works.com,482-555-0188
621,Mr.,Matthew,,Hink,,Running and Cycling Gear,adventure-works\\david8,matthew3@adventure-works.com,146-555-0176
622,Mr.,Robert,B.,Stotka,,Gift and Toy Store,adventure-works\\jillian0,robert12@adventure-works.com,493-555-0185
623,Ms.,Phyllis,R.,Huntsman,,Hardware Components,adventure-works\\jillian0,phyllis1@adventure-works.com,153-555-0195
624,Mr.,Mike,,Hines,,First Cycle Store,adventure-works\\shu0,mike3@adventure-works.com,454-555-0160
625,Ms.,Kayla,M.,Stotler,,Major Sporting Goods,adventure-works\\linda3,kayla0@adventure-works.com,315-555-0131
626,Mr.,Lawrence,E.,Hurkett,,Retail Sporting Goods,adventure-works\\shu0,lawrence0@adventure-works.com,129-555-0185
629,Mr.,Ryan,,Ihrig,,Efficient Cycling,adventure-works\\josé1,ryan4@adventure-works.com,809-555-0152
630,Mr.,Andrew,R.,Hill,,Eastside Parts Shop,adventure-works\\josé1,andrew4@adventure-works.com,194-555-0149
631,Mr.,Robert,P.,Lyeba,,Tandem Sales and Service,adventure-works\\garrett1,robert8@adventure-works.com,631-555-0155
635,Mr.,Roger,,Van Houten,,Sports Store,adventure-works\\jae0,roger2@adventure-works.com,1 (11) 500 555-0110
637,Mr.,Robert,,Lyon,,Reliable Retail Center,adventure-works\\garrett1,robert9@adventure-works.com,666-555-0143
641,Ms.,Rose,M.,Vandenouer,,Extended Tours,adventure-works\\jae0,rose1@adventure-works.com,1 (11) 500 555-0140
643,Ms.,Denise,R.,Maccietto,,Friendly Bike Shop,adventure-works\\michael9,denise1@adventure-works.com,537-555-0190
644,Mr.,Gregory,T.,Vanderbout,Jr.,Convenient Sales and Service,adventure-works\\pamela0,gregory1@adventure-works.com,684-555-0134
645,Mr.,Ronald,K.,Heymsfield,,Superior Hardware Distributors,adventure-works\\david8,ronald1@adventure-works.com,784-555-0120
646,Mr.,Scott,,MacDonald,,Yellow Bicycle Company,adventure-works\\jillian0,scott7@adventure-works.com,470-555-0171
647,Mr.,Michael,,Vanderhyde,,Solid Bike Parts,adventure-works\\jillian0,michael25@adventure-works.com,918-555-0141
648,Ms.,Cheryl,M.,Herring,,Small Bike Shop,adventure-works\\shu0,cheryl0@adventure-works.com,158-555-0154
649,Mr.,Walter,J.,Mays,Sr.,Sports Products Store,adventure-works\\linda3,walter1@adventure-works.com,245-555-0191
650,Ms.,Margaret,J.,Vanderkamp,,Permanent Finish Products,adventure-works\\shu0,margaret2@adventure-works.com,265-555-0143
653,Ms.,Kara,N.,Vanderlinden,,Mercantile Outlet,adventure-works\\josé1,kara0@adventure-works.com,680-555-0160
654,Mr.,Jésus,,Hernandez,,Online Bike Warehouse,adventure-works\\josé1,jésus0@adventure-works.com,214-555-0145
655,Ms.,Irene,J.,Hernandez,,Operational Manufacturing,adventure-works\\garrett1,irene0@adventure-works.com,790-555-0197
659,Mr.,Ajay,,Manchepalli,,Shipping Specialists,adventure-works\\jae0,ajay0@adventure-works.com,1 (11) 500 555-0174
660,Mr.,Nieves,J.,Vargas,II,Exhilarating Cycles,adventure-works\\michael9,nieves0@adventure-works.com,371-555-0184
661,Mr.,Kari,,Hensien,,General Department Stores,adventure-works\\garrett1,kari0@adventure-works.com,143-555-0129
665,Mr.,Tomas,M.,Manzanares,II,Authentic Sales and Service,adventure-works\\jae0,tomas0@adventure-works.com,1 (11) 500 555-0178
668,Ms.,Kathy,R.,Marcovecchio,,Official Parts Shop,adventure-works\\pamela0,kathy0@adventure-works.com,942-555-0141
669,Ms.,Patricia,,Doyle,,Racing Bike Outlet,adventure-works\\david8,patricia0@adventure-works.com,899-555-0134
670,Ms.,Valerie,M.,Hendricks,,First Bike Store,adventure-works\\jillian0,valerie0@adventure-works.com,859-555-0140
671,Ms.,Jill,K.,Markwood,,Contoso,,,
672,Mr.,Gerald,M.,Drury,,Utilitarian Sporting Goods,adventure-works\\shu0,gerald0@adventure-works.com,169-555-0178
673,Mr.,John,,Hanson,,Countryside Company,adventure-works\\linda3,john20@adventure-works.com,107-555-0117
674,Ms.,Melissa,R.,Marple,,Discount Tours,adventure-works\\shu0,melissa0@adventure-works.com,685-555-0117
677,Ms.,Cecelia,L.,Marshall,,Tire Exchange,adventure-works\\josé1,cecelia0@adventure-works.com,394-555-0168
678,Mr.,Reuben,,D'sa,,Vigorous Exercise Company,adventure-works\\josé1,reuben1@adventure-works.com,916-555-0137
679,Ms.,Brenda,F.,Heaney,,Superb Sales and Repair,adventure-works\\garrett1,brenda3@adventure-works.com,393-555-0167
683,Ms.,Linda,,Martin,,Oils and Fluids Warehouse,adventure-works\\jae0,linda8@adventure-works.com,1 (11) 500 555-0137
685,Mr.,James,B.,Haugh,Jr.,Family Cycle Store,adventure-works\\garrett1,james8@adventure-works.com,763-555-0120
689,Ms.,Sandra,I.,Martinez,,Consumer Equipment,adventure-works\\jae0,sandra3@adventure-works.com,1 (11) 500 555-0113
692,Ms.,Bev,L.,Desalvo,,Successful Sales Company,adventure-works\\pamela0,bev0@adventure-works.com,143-555-0113
693,Mr.,Bart,,Duncan,,Stock Parts and Supplies,adventure-works\\david8,bart0@adventure-works.com,539-555-0121
694,Ms.,Ann,T.,Hass,,The Accessories Store,adventure-works\\jillian0,ann2@adventure-works.com,713-555-0168
695,Mr.,Rob,,Caron,,Responsible Bike Dealers,adventure-works\\jillian0,rob2@adventure-works.com,620-555-0117
696,Mr.,Maciej,,Dusza,,Roadway Supplies,adventure-works\\shu0,maciej1@adventure-works.com,962-555-0144
697,Mr.,Roger,,Harui,,Brakes and Gears,adventure-works\\linda3,roger0@adventure-works.com,774-555-0133
698,Mr.,Andy,,Carothers,,Western Bike Supplies,adventure-works\\shu0,andy1@adventure-works.com,944-555-0148
701,Ms.,Linda,R.,Ecoffey,,Future Bikes,adventure-works\\josé1,linda5@adventure-works.com,674-555-0188
29770,Ms.,Kathleen,M.,Garza,,Rural Cycle Emporium,adventure-works\\josé1,kathleen0@adventure-works.com,150-555-0127
