CustomerID,Title,FirstName,MiddleName,LastName,Suffix,CompanyName,SalesPerson,EmailAddress,Phone,Gender,Timestamp,Salary
1,Mr.,Orlando,N.,Gee,,A Bike Store,adventure-works\\pamela0,orlando0@adventure-works.com,245-555-0173,M,2022-11-16-09:51:00,20000
2,Mr.,Keith,,Harris,,Progressive Sports,adventure-works\\david8,keith0@adventure-works.com,170-555-0127,M,2022-11-16-09:51:01,20001
3,Ms.,Donna,F.,Carreras,,Advanced Bike Components,adventure-works\\jillian0,donna0@adventure-works.com,279-555-0130,M,2022-11-16-09:51:02,20002
4,Ms.,Janet,M.,Gates,,Modular Cycle Systems,adventure-works\\jillian0,janet1@adventure-works.com,710-555-0173,M,2022-11-16-09:51:03,20003
5,Mr.,Lucy,,Harrington,,Metropolitan Sports Supply,adventure-works\\shu0,lucy0@adventure-works.com,828-555-0186,M,2022-11-16-09:51:04,20004
6,Ms.,Rosmarie,J.,Carroll,,Aerobic Exercise Company,adventure-works\\linda3,rosmarie0@adventure-works.com,244-555-0112,M,2022-11-16-09:51:05,20005
7,Mr.,Dominic,P.,Gash,,Associated Bikes,adventure-works\\shu0,dominic0@adventure-works.com,192-555-0173,M,2022-11-16-09:51:06,20006
10,Ms.,Kathleen,M.,Smith,,Rural Cycle Emporium,adventure-works\\josé1,kathleen0@adventure-works.com,150-555-0127,M,2022-11-16-09:51:07,20007
11,Ms.,Katherine,,Harding,,Sharp Bikes,adventure-works\\josé1,katherine0@adventure-works.com,926-555-0159,M,2022-11-16-09:51:08,20008
12,Mr.,Johnny,A.,Caprio,Jr.,Bikes and Motorbikes,adventure-works\\garrett1,johnny0@adventure-works.com,112-555-0191,F,2022-11-16-09:51:09,20009
16,Mr.,Christopher,R.,Beck,Jr.,Bulk Discount Store,adventure-works\\jae0,christopher1@adventure-works.com,1 (11) 500 555-0132,M,2022-11-16-09:51:10,20010
18,Mr.,David,J.,Liu,,Catalog Store,adventure-works\\michael9,david20@adventure-works.com,440-555-0132,F,2022-11-16-09:51:11,20011
19,Mr.,John,A.,Beaver,,Center Cycle Shop,adventure-works\\pamela0,john8@adventure-works.com,521-555-0195,M,2022-11-16-09:51:12,20012
20,Ms.,Jean,P.,Handley,,Central Discount Store,adventure-works\\david8,jean1@adventure-works.com,582-555-0113,M,2022-11-16-09:51:13,20013
21,Ms.,Jinghao,,Liu,,Chic Department Stores,adventure-works\\jillian0,jinghao1@adventure-works.com,928-555-0116,M,2022-11-16-09:51:14,20014
22,Ms.,Linda,E.,Burnett,,Travel Systems,adventure-works\\jillian0,linda4@adventure-works.com,121-555-0121,M,2022-11-16-09:51:15,20015
23,Mr.,Kerim,,Hanif,,Bike World,adventure-works\\shu0,kerim0@adventure-works.com,216-555-0122,M,2022-11-16-09:51:16,20016
24,Mr.,Kevin,,Liu,,Eastside Department Store,adventure-works\\linda3,kevin5@adventure-works.com,926-555-0164,M,2022-11-16-09:51:17,20017
25,Mr.,Donald,L.,Blanton,,Coalition Bike Company,adventure-works\\shu0,donald0@adventure-works.com,357-555-0161,M,2022-11-16-09:51:18,20018
28,Ms.,Jackie,E.,Blackwell,,Commuter Bicycle Store,adventure-works\\josé1,jackie0@adventure-works.com,972-555-0163,F,2022-11-16-09:51:19,20019
29,Mr.,Bryan,,Hamilton,,Cross-Country Riding Supplies,adventure-works\\josé1,bryan2@adventure-works.com,344-555-0144,F,2022-11-16-09:51:20,20020
30,Mr.,Todd,R.,Logan,,Cycle Merchants,adventure-works\\garrett1,todd0@adventure-works.com,783-555-0110,F,2022-11-16-09:51:21,20021
34,Ms.,Barbara,J.,German,,Cycles Wholesaler & Mfg.,adventure-works\\jae0,barbara4@adventure-works.com,1 (11) 500 555-0181,F,2022-11-16-09:51:22,20022
37,Mr.,Jim,,Geist,,Two Bike Shops,adventure-works\\pamela0,jim1@adventure-works.com,724-555-0161,F,2022-11-16-09:51:23,20023
38,Ms.,Betty,M.,Haines,,Finer Mart,adventure-works\\david8,betty0@adventure-works.com,867-555-0114,F,2022-11-16-09:51:24,20024
39,Ms.,Sharon,J.,Looney,,Fitness Hotel,adventure-works\\jillian0,sharon2@adventure-works.com,377-555-0132,F,2022-11-16-09:51:25,20025
40,Mr.,Darren,,Gehring,,Journey Sporting Goods,adventure-works\\jillian0,darren0@adventure-works.com,417-555-0182,F,2022-11-16-09:51:26,20026
41,Ms.,Erin,M.,Hagens,,Distant Inn,adventure-works\\shu0,erin1@adventure-works.com,244-555-0127,F,2022-11-16-09:51:27,20027
42,Mr.,Jeremy,,Los,,Healthy Activity Store,adventure-works\\linda3,jeremy0@adventure-works.com,911-555-0165,F,2022-11-16-09:51:28,20028
43,Ms.,Elsa,,Leavitt,,Frugal Bike Shop,adventure-works\\shu0,elsa0@adventure-works.com,482-555-0174,F,2022-11-16-09:51:29,20029
46,Mr.,David,O,Lawrence,,Gear-Shift Bikes Limited,adventure-works\\josé1,david19@adventure-works.com,653-555-0159,F,2022-11-16-09:51:30,20030
47,Ms.,Hattie,J.,Haemon,,Greater Bike Store,adventure-works\\josé1,hattie0@adventure-works.com,141-555-0172,F,2022-11-16-09:51:31,20031
48,Ms.,Anita,R.,Lucerne,,Grand Industries,adventure-works\\garrett1,anita0@adventure-works.com,164-555-0118,F,2022-11-16-09:51:32,20032
52,Ms.,Rebecca,,Laszlo,,Instruments and Parts Company,adventure-works\\jae0,rebecca2@adventure-works.com,1 (11) 500 555-0155,F,2022-11-16-09:51:33,20033
55,Mr.,Eric,,Lang,,Kickstands and Accessories Company,adventure-works\\pamela0,eric6@adventure-works.com,932-555-0163,F,2022-11-16-09:51:34,20034
56,Mr.,Brian,,Groth,,Latest Accessories Sales,adventure-works\\david8,brian5@adventure-works.com,461-555-0118,F,2022-11-16-09:51:35,20035
57,Ms.,Judy,R.,Lundahl,,Leading Sales & Repair,adventure-works\\jillian0,judy1@adventure-works.com,260-555-0130,F,2022-11-16-09:51:36,20036
58,Mr.,Peter,,Kurniawan,,Largest Bike Store,adventure-works\\jillian0,peter4@adventure-works.com,436-555-0160,F,2022-11-16-09:51:37,20037
59,Mr.,Douglas,,Groncki,,Locks Company,adventure-works\\shu0,douglas2@adventure-works.com,385-555-0140,F,2022-11-16-09:51:38,20038
60,Mr.,Sean,J.,Lunt,,Main Bicycle Services,adventure-works\\linda3,sean4@adventure-works.com,183-555-0111,F,2022-11-16-09:51:39,20039
61,Mr.,Jeffrey,,Kurtz,,Many Bikes Store,adventure-works\\shu0,jeffrey3@adventure-works.com,452-555-0179,F,2022-11-16-09:51:40,20040
64,Mr.,Vamsi,,Kuppa,,Metal Clearing House,adventure-works\\josé1,vamsi1@adventure-works.com,290-555-0196,F,2022-11-16-09:51:41,20041
65,Ms.,Jane,P.,Greer,,Metro Manufacturing,adventure-works\\josé1,jane2@adventure-works.com,737-555-0163,F,2022-11-16-09:51:42,20042
66,Mr.,Alexander,J.,Deborde,,Neighborhood Store,adventure-works\\garrett1,alexander1@adventure-works.com,394-555-0176,F,2022-11-16-09:51:43,20043
70,Mr.,Deepak,,Kumar,,Outdoor Aerobic Systems Company,adventure-works\\jae0,deepak0@adventure-works.com,1 (11) 500 555-0122,F,2022-11-16-09:51:44,20044
73,Ms.,Margaret,T.,Krupka,,Outdoor Sports Supply,adventure-works\\pamela0,margaret1@adventure-works.com,107-555-0132,F,2022-11-16-09:51:45,20045
74,Mr.,Christopher,M.,Bright,,Parcel Express Delivery Service,adventure-works\\david8,christopher2@adventure-works.com,162-555-0166,F,2022-11-16-09:51:46,20046
75,Ms.,Aidan,,Delaney,,Paint Supply,adventure-works\\jillian0,aidan0@adventure-works.com,358-555-0188,F,2022-11-16-09:51:47,20047
76,Mr.,James,J.,Krow,,Out-of-the-Way Hotels,adventure-works\\jillian0,james11@adventure-works.com,265-555-0190,F,2022-11-16-09:51:48,20048
77,Mr.,Michael,,Brundage,,Mechanical Products Ltd.,adventure-works\\shu0,michael13@adventure-works.com,128-555-0148,F,2022-11-16-09:51:49,20049
78,Mr.,Stefan,,Delmarco,,Preferred Bikes,adventure-works\\linda3,stefan0@adventure-works.com,819-555-0186,F,2022-11-16-09:51:50,20050
79,Mr.,Mitch,,Kennedy,,Reasonable Bicycle Sales,adventure-works\\shu0,mitch0@adventure-works.com,996-555-0192,M,2022-11-16-09:51:51,20051
82,Mr.,James,D.,Kramer,,Refined Department Stores,adventure-works\\josé1,james10@adventure-works.com,814-555-0130,M,2022-11-16-09:51:52,20052
83,Mr.,Eric,J.,Brumfield,,Requisite Part Supply,adventure-works\\josé1,eric3@adventure-works.com,644-555-0114,M,2022-11-16-09:51:53,20053
84,Ms.,Della,F.,Demott Jr,,Rewarding Activities Company,adventure-works\\garrett1,della0@adventure-works.com,752-555-0185,M,2022-11-16-09:51:54,20054
88,Ms.,Pamala,M.,Kotc,,Closest Bicycle Store,adventure-works\\jae0,pamala0@adventure-works.com,1 (11) 500 555-0173,M,2022-11-16-09:51:55,20055
91,Ms.,Joy,R.,Koski,,Scooters and Bikes Store,adventure-works\\pamela0,joy0@adventure-works.com,810-555-0198,M,2022-11-16-09:51:56,20056
92,Ms.,Jovita,A.,Carmody,,Sports Commodities,adventure-works\\david8,jovita0@adventure-works.com,646-555-0137,M,2022-11-16-09:51:57,20057
93,Mr.,Prashanth,,Desai,,Stationary Bikes and Stands,adventure-works\\jillian0,prashanth0@adventure-works.com,138-555-0156,M,2022-11-16-09:51:58,20058
94,Mr.,Scott,,Konersmann,,Specialty Sports Store,adventure-works\\jillian0,scott6@adventure-works.com,556-555-0192,M,2022-11-16-09:51:59,20059
95,Ms.,Jane,N.,Carmichael,,Rural Department Store,adventure-works\\shu0,jane0@adventure-works.com,716-555-0167,M,2022-11-16-09:51:60,20060
96,Ms.,Bonnie,B.,Lepro,,More Bikes!,adventure-works\\linda3,bonnie2@adventure-works.com,354-555-0130,M,2022-11-16-09:51:61,20061
97,Mr.,Eugene,,Kogan,,Mountain Bike Center,adventure-works\\shu0,eugene2@adventure-works.com,136-555-0134,M,2022-11-16-09:51:62,20062
100,Mr.,Kirk,T,King,,Up-To-Date Sports,adventure-works\\josé1,kirk2@adventure-works.com,979-555-0163,M,2022-11-16-09:51:63,20063
101,Mr.,William,J.,Conner,,Urban Sports Emporium,adventure-works\\josé1,william1@adventure-works.com,383-555-0111,M,2022-11-16-09:51:64,20064
102,Ms.,Linda,,Leste,,National Manufacturing,adventure-works\\garrett1,linda7@adventure-works.com,493-555-0134,M,2022-11-16-09:51:65,20065
106,Ms.,Andrea,A.,Thomsen,,West Side Mart,adventure-works\\jae0,andrea1@adventure-works.com,1 (11) 500 555-0120,M,2022-11-16-09:51:66,20066
109,Mr.,Daniel,P.,Thompson,,Travel Sports,adventure-works\\pamela0,daniel2@adventure-works.com,247-555-0197,M,2022-11-16-09:51:67,20067
110,Ms.,Kendra,N.,Thompson,,Vintage Sport Boutique,adventure-works\\david8,kendra0@adventure-works.com,464-555-0188,M,2022-11-16-09:51:68,20068
111,Mr.,Scott,A.,Colvin,,Westside Cycle Store,adventure-works\\jillian0,scott1@adventure-works.com,119-555-0144,M,2022-11-16-09:51:69,20069
112,Ms.,Elsie,L.,Lewin,,Town Industries,adventure-works\\jillian0,elsie0@adventure-works.com,803-555-0116,M,2022-11-16-09:51:70,20070
113,Mr.,Donald,M.,Thompson,,Trendy Department Stores,adventure-works\\shu0,donald1@adventure-works.com,273-555-0111,M,2022-11-16-09:51:71,20071
114,Mr.,John,L.,Colon,,Two Wheels Cycle Store,adventure-works\\linda3,john14@adventure-works.com,397-555-0144,M,2022-11-16-09:51:72,20072
115,Mr.,George,Z.,Li,,Security Racks and Locks Wholesalers,adventure-works\\shu0,george3@adventure-works.com,699-555-0183,M,2022-11-16-09:51:73,20073
118,Mr.,Yale,,Li,,Rapid Bikes,adventure-works\\josé1,yale0@adventure-works.com,316-555-0138,M,2022-11-16-09:51:74,20074
119,Ms.,Phyllis,A.,Thomas,,Red Bicycle Company,adventure-works\\josé1,phyllis2@adventure-works.com,667-555-0112,M,2022-11-16-09:51:75,20075
120,Mr.,Pat,,Coleman,,Machines & Cycles Store,adventure-works\\garrett1,pat2@adventure-works.com,292-555-0128,F,2022-11-16-09:51:76,20076
124,Ms.,Yuhong,,Li,,Nearby Sporting Goods,adventure-works\\jae0,yuhong1@adventure-works.com,1 (11) 500 555-0176,F,2022-11-16-09:51:77,20077
127,Mr.,Joseph,M.,Lique,,Front Sporting Goods,adventure-works\\pamela0,joseph2@adventure-works.com,119-555-0195,F,2022-11-16-09:51:78,20078
128,Ms.,Judy,J.,Thames,,Demand Distributors,adventure-works\\david8,judy3@adventure-works.com,799-555-0118,F,2022-11-16-09:51:79,20079
129,Ms.,Connie,L.,Coffman,,Discount Bicycle Specialists,adventure-works\\jillian0,connie0@adventure-works.com,426-555-0181,F,2022-11-16-09:51:80,20080
130,Mr.,Paulo,H.,Lisboa,,Elite Bikes,adventure-works\\jillian0,paulo0@adventure-works.com,380-555-0116,F,2022-11-16-09:51:81,20081
131,Ms.,Vanessa,J.,Tench,,Eighth Bike Store,adventure-works\\shu0,vanessa0@adventure-works.com,785-555-0163,F,2022-11-16-09:51:82,20082
132,Ms.,Teanna,M.,Cobb,,Another Sporting Goods Company,adventure-works\\linda3,teanna0@adventure-works.com,661-555-0168,F,2022-11-16-09:51:83,20083
133,Mr.,Michael,,Graff,,Commercial Sporting Goods,adventure-works\\shu0,michael16@adventure-works.com,132-555-0150,F,2022-11-16-09:51:84,20084
136,Mr.,Derek,,Graham,,Wholesale Parts,adventure-works\\josé1,derek0@adventure-works.com,674-555-0187,F,2022-11-16-09:51:85,20085
137,,Gytis,M,Barzdukas,,Transportation Options,adventure-works\\josé1,gytis0@adventure-works.com,257-555-0119,F,2022-11-16-09:51:86,20086
138,Ms.,Jane,,Clayton,,South Bike Company,adventure-works\\garrett1,jane1@adventure-works.com,206-555-0195,F,2022-11-16-09:51:87,20087
142,Mr.,Jon,,Grande,,Riding Cycles,adventure-works\\jae0,jon1@adventure-works.com,1 (11) 500 555-0114,F,2022-11-16-09:51:88,20088
145,Mr.,Ted,,Bremer,,Raw Materials Inc,adventure-works\\pamela0,ted0@adventure-works.com,962-555-0166,F,2022-11-16-09:51:89,20089
146,Mr.,Richard,,Bready,,Latest Sports Equipment,adventure-works\\david8,richard1@adventure-works.com,340-555-0131,F,2022-11-16-09:51:90,20090
147,Ms.,Alice,,Clark,,Local Hardware Factory,adventure-works\\jillian0,alice1@adventure-works.com,221-555-0141,F,2022-11-16-09:51:91,20091
148,Mr.,Alan,,Brewer,,Lots of Bikes Storehouse,adventure-works\\jillian0,alan1@adventure-works.com,494-555-0134,F,2022-11-16-09:51:92,20092
149,Mr.,Cornelius,L.,Brandon,,Initial Bike Company,adventure-works\\shu0,cornelius0@adventure-works.com,229-555-0114,F,2022-11-16-09:51:93,20093
150,Ms.,Jill,J.,Christie,,Fleet Bikes,adventure-works\\linda3,jill1@adventure-works.com,927-555-0198,F,2022-11-16-09:51:94,20094
151,Mr.,Walter,J.,Brian,IV,Futuristic Bikes,adventure-works\\shu0,walter0@adventure-works.com,163-555-0155,F,2022-11-16-09:51:95,20095
154,Mr.,Carlton,M.,Carlisle,,Camping and Sports Store,adventure-works\\josé1,carlton0@adventure-works.com,193-555-0116,F,2022-11-16-09:51:96,20096
155,Mr.,Joseph,N.,Castellucio,,Corner Bicycle Supply,adventure-works\\josé1,joseph1@adventure-works.com,180-555-0114,F,2022-11-16-09:51:97,20097
156,Mr.,Lester,J.,Bowman,Sr.,Metal Processing Company,adventure-works\\garrett1,lester0@adventure-works.com,844-555-0112,F,2022-11-16-09:51:98,20098
160,Ms.,Brigid,F.,Cavendish,,Vigorous Sports Store,adventure-works\\jae0,brigid0@adventure-works.com,1 (11) 500 555-0178,F,2022-11-16-09:51:99,20099
163,Mr.,Andrew,,Cencini,,Sports Merchandise,adventure-works\\pamela0,andrew2@adventure-works.com,644-555-0111,F,2022-11-16-09:51:100,20100
164,Ms.,Cindy,M.,Dodd,,Suburban Cycle Shop,adventure-works\\david8,cindy0@adventure-works.com,706-555-0140,F,2022-11-16-09:51:101,20101
165,Mr.,Randall,,Boseman,,Third Bike Store,adventure-works\\jillian0,randall0@adventure-works.com,383-555-0117,F,2022-11-16-09:51:102,20102
166,Ms.,Stacey,M.,Cereghino,,Fitness Toy Store,adventure-works\\jillian0,stacey0@adventure-works.com,351-555-0131,F,2022-11-16-09:51:103,20103
167,Mr.,Blaine,,Dockter,,Farthermost Bike Shop,adventure-works\\shu0,blaine0@adventure-works.com,156-555-0187,F,2022-11-16-09:51:104,20104
168,Sr.,Luis,,Bonifaz,,Economy Bikes Company,adventure-works\\linda3,luis0@adventure-works.com,688-555-0113,F,2022-11-16-09:51:105,20105
169,Ms.,Brenda,,Diaz,,Downtown Hotel,adventure-works\\shu0,brenda2@adventure-works.com,147-555-0192,F,2022-11-16-09:51:106,20106
172,Ms.,Gabriele,,Dickmann,,Certified Sports Supply,adventure-works\\josé1,gabriele0@adventure-works.com,835-555-0116,F,2022-11-16-09:51:107,20107
173,Mr.,Rudolph,J.,Dillon,Sr.,Sundry Sporting Goods,adventure-works\\josé1,rudolph0@adventure-works.com,722-555-0169,F,2022-11-16-09:51:108,20108
174,Mr.,Michael,L.,Bohling,,Toy Manufacturing Inc,adventure-works\\garrett1,michael12@adventure-works.com,838-555-0147,F,2022-11-16-09:51:109,20109
178,Mr.,Dick,,Dievendorff,,Rampart Amusement Company,adventure-works\\jae0,dick1@adventure-works.com,1 (11) 500 555-0193,F,2022-11-16-09:51:110,20110
180,Ms.,Nicky,E.,Chesnut,,Full-Service Bike Store,adventure-works\\michael9,nicky0@adventure-works.com,264-555-0164,F,2022-11-16-09:51:111,20111
181,Mr.,Michael,J.,Lee,,Family Entertainment Center,adventure-works\\pamela0,michael18@adventure-works.com,396-555-0139,F,2022-11-16-09:51:112,20112
182,Mr.,Stanley,A.,Alan,Jr.,Another Bicycle Company,adventure-works\\david8,stanley0@adventure-works.com,156-555-0126,F,2022-11-16-09:51:113,20113
183,Mr.,Yao-Qiang,,Cheng,,This Area Sporting Goods,adventure-works\\jillian0,yao-qiang0@adventure-works.com,344-555-0181,F,2022-11-16-09:51:114,20114
184,Ms.,Marjorie,M.,Lee,,Go-cart and Bike Specialists,adventure-works\\jillian0,marjorie0@adventure-works.com,306-555-0166,F,2022-11-16-09:51:115,20115
185,Mr.,Sandeep,,Kaliyath,,Weekend Bike Tours,adventure-works\\shu0,sandeep1@adventure-works.com,495-555-0113,F,2022-11-16-09:51:116,20116
186,Mr.,Pei,,Chow,,Thrilling Bike Tours,adventure-works\\linda3,pei0@adventure-works.com,789-555-0184,F,2022-11-16-09:51:117,20117
187,Mr.,Frank,,Campbell,,Trailblazing Sports,adventure-works\\shu0,frank4@adventure-works.com,491-555-0132,F,2022-11-16-09:51:118,20118
190,Mr.,Mark,,Lee,,Racing Partners,adventure-works\\josé1,mark5@adventure-works.com,371-555-0112,F,2022-11-16-09:51:119,20119
191,Ms.,Sandra,T.,Kitt,,Non-Slip Pedal Company,adventure-works\\josé1,sandra2@adventure-works.com,303-555-0117,F,2022-11-16-09:51:120,20120
192,Mr.,Hao,,Chen,,Nuts and Bolts Mfg.,adventure-works\\garrett1,hao1@adventure-works.com,117-555-0173,F,2022-11-16-09:51:121,20121
196,Ms.,Jolie,,Lenehan,,Exhibition Showroom,adventure-works\\jae0,jolie0@adventure-works.com,1 (11) 500 555-0126,F,2022-11-16-09:51:122,20122
197,Ms.,Diane,F.,Krane,,Fabrikam Inc.,,,,F,2022-11-16-09:51:123,20123
198,Mr.,Payton,P.,Benson,,Field Trip Inc,adventure-works\\michael9,payton0@adventure-works.com,528-555-0183,F,2022-11-16-09:51:124,20124
199,Mr.,Roger,,Lengel,,Authorized Bike Sales and Rental,adventure-works\\pamela0,roger1@adventure-works.com,947-555-0143,F,2022-11-16-09:51:125,20125
200,Ms.,Peggy,J.,Justice,,Basic Bike Company,adventure-works\\david8,peggy0@adventure-works.com,170-555-0189,F,2022-11-16-09:51:126,20126
201,Ms.,Edna,J.,Benson,,Unsurpassed Bikes,adventure-works\\jillian0,edna0@adventure-works.com,789-555-0189,F,2022-11-16-09:51:127,20127
203,Ms.,Jean,,Jordan,,Separate Parts Corporation,adventure-works\\shu0,jean3@adventure-works.com,207-555-0129,F,2022-11-16-09:51:128,20128
204,Mr.,Ido,,Ben-Sachar,,Traction Tire Company,adventure-works\\linda3,ido0@adventure-works.com,973-555-0112,F,2022-11-16-09:51:129,20129
205,Mr.,Frank,,Mart¡nez,,Rally Master Company Inc,adventure-works\\shu0,frank5@adventure-works.com,171-555-0147,F,2022-11-16-09:51:130,20130
208,Mr.,Steve,,Masters,,Professional Cyclists,adventure-works\\josé1,steve2@adventure-works.com,154-555-0115,F,2022-11-16-09:51:131,20131
209,Mr.,Robert,E.,Jones,,Purple Bicycle Company,adventure-works\\josé1,robert6@adventure-works.com,595-555-0131,F,2022-11-16-09:51:132,20132
210,Mr.,Josh,,Barnhill,,Gasless Cycle Shop,adventure-works\\garrett1,josh0@adventure-works.com,584-555-0192,F,2022-11-16-09:51:133,20133
214,Ms.,Jennifer,J.,Maxham,,Exclusive Bicycle Mart,adventure-works\\jae0,jennifer1@adventure-works.com,1 (11) 500 555-0175,F,2022-11-16-09:51:134,20134
217,Mr.,Chris,,Maxwell,,City Manufacturing,adventure-works\\pamela0,chris6@adventure-works.com,642-555-0187,F,2022-11-16-09:51:135,20135
218,Mr.,David,,Johnson,,Sure & Reliable Sporting Goods,adventure-works\\david8,david18@adventure-works.com,476-555-0139,F,2022-11-16-09:51:136,20136
219,Mr.,Brian,,Johnson,,Extras Sporting Goods,adventure-works\\jillian0,brian6@adventure-works.com,320-555-0134,F,2022-11-16-09:51:137,20137
220,Mr.,Robert,,Brown,,Best o' Bikes,adventure-works\\jillian0,robert5@adventure-works.com,575-555-0189,F,2022-11-16-09:51:138,20138
221,Ms.,Sandra,B.,Maynard,,Bike Dealers Association,adventure-works\\shu0,sandra4@adventure-works.com,993-555-0179,F,2022-11-16-09:51:139,20139
222,Mr.,Barry,,Johnson,,Sample Bike Store,adventure-works\\linda3,barry1@adventure-works.com,858-555-0140,F,2022-11-16-09:51:140,20140
223,Ms.,Joyce,,Jarvis,,Paints and Solvents Company,adventure-works\\shu0,joyce0@adventure-works.com,458-555-0179,F,2022-11-16-09:51:141,20141
226,Ms.,Vance,P.,Johns,,Leisure Activities,adventure-works\\josé1,vance0@adventure-works.com,103-555-0151,F,2022-11-16-09:51:142,20142
227,Ms.,Robin,M.,McGuigan,,Health Spa,,,,F,2022-11-16-09:51:143,20143
228,Ms.,Danielle,B.,Johnson,,Home Town Bike Store,adventure-works\\garrett1,danielle1@adventure-works.com,356-555-0190,F,2022-11-16-09:51:144,20144
232,Mr.,David,,Jaffe,,Exceptional Cycle Services,adventure-works\\jae0,david17@adventure-works.com,1 (11) 500 555-0140,F,2022-11-16-09:51:145,20145
235,Ms.,Mary,,Alexander,,Certified Bicycle Supply,adventure-works\\pamela0,mary7@adventure-works.com,344-555-0133,F,2022-11-16-09:51:146,20146
236,Ms.,Lola,M.,McCarthy,,Closeout Boutique,adventure-works\\david8,lola0@adventure-works.com,173-555-0151,F,2022-11-16-09:51:147,20147
237,Ms.,Mary,K.,Browning,,Client Discount Store,adventure-works\\jillian0,mary5@adventure-works.com,658-555-0146,F,2022-11-16-09:51:148,20148
238,Ms.,Jodan,M.,Jacobson,,A Great Bicycle Company,adventure-works\\jillian0,jodan0@adventure-works.com,652-555-0189,F,2022-11-16-09:51:149,20149
239,Ms.,Jane,A.,McCarty,,Bicycle Merchandise Warehouse,adventure-works\\shu0,jane3@adventure-works.com,529-555-0195,F,2022-11-16-09:51:150,20150
240,Mr.,Jessie,E.,Valerio,,Wire Baskets and Parts,adventure-works\\linda3,jessie0@adventure-works.com,103-555-0179,F,2022-11-16-09:51:151,20151
241,Mr.,Eric,A.,Jacobsen,,Vale Riding Supplies,adventure-works\\shu0,eric5@adventure-works.com,703-555-0120,F,2022-11-16-09:51:152,20152
244,Mr.,Bronson,R.,Jacobs,,Retail Discount Store,adventure-works\\josé1,bronson0@adventure-works.com,697-555-0131,F,2022-11-16-09:51:153,20153
245,Mr.,James,L.,McCoy,II,Leather Seat Factory,adventure-works\\josé1,james12@adventure-works.com,191-555-0151,F,2022-11-16-09:51:154,20154
246,Ms.,Esther,K.,Valle,,Large Bike Shop,adventure-works\\garrett1,esther0@adventure-works.com,481-555-0131,F,2022-11-16-09:51:155,20155
250,Ms.,Denean,J.,Ison,,Express Bike Services,adventure-works\\jae0,denean0@adventure-works.com,1 (11) 500 555-0127,F,2022-11-16-09:51:156,20156
253,Mr.,Erik,,Ismert,,Roving Sports,adventure-works\\pamela0,erik0@adventure-works.com,116-555-0163,F,2022-11-16-09:51:157,20157
254,Mr.,Robert,M.,Bernacchi,,Safe Cycles Shop,adventure-works\\david8,robert4@adventure-works.com,449-555-0176,F,2022-11-16-09:51:158,20158
255,Mr.,Sunil,,Uppal,,Swift Cycles,adventure-works\\jillian0,sunil0@adventure-works.com,184-555-0187,F,2022-11-16-09:51:159,20159
256,Mr.,Richard,L.,Irwin,,Rental Bikes,adventure-works\\jillian0,richard4@adventure-works.com,367-555-0124,F,2022-11-16-09:51:160,20160
257,Mr.,Matthias,,Berndt,,Number 1 Supply,adventure-works\\shu0,matthias1@adventure-works.com,384-555-0169,F,2022-11-16-09:51:161,20161
258,Mr.,Sairaj,,Uddin,,Quantity Discounts,adventure-works\\linda3,sairaj1@adventure-works.com,767-555-0193,F,2022-11-16-09:51:162,20162
259,Mr.,Lucio,,Iallo,,Highway Bike Shop,adventure-works\\shu0,lucio0@adventure-works.com,199-555-0135,F,2022-11-16-09:51:163,20163
262,Ms.,Beth,,Inghram,,General Industries,adventure-works\\josé1,beth0@adventure-works.com,718-555-0152,F,2022-11-16-09:51:164,20164
263,Mr.,Timothy,B.,Burnett,Jr.,Farthest Bike Store,adventure-works\\josé1,timothy0@adventure-works.com,251-555-0172,F,2022-11-16-09:51:165,20165
264,Ms.,Phyllis,B.,Tuffield,,Fasteners & Bolts Outlet,adventure-works\\garrett1,phyllis3@adventure-works.com,277-555-0182,F,2022-11-16-09:51:166,20166
268,Mr.,Richard,A.,Byham,,Channel Outlet,adventure-works\\jae0,richard2@adventure-works.com,1 (11) 500 555-0138,F,2022-11-16-09:51:167,20167
271,Mr.,Jared,L.,Bustamante,,Alternative Vehicles,adventure-works\\pamela0,jared0@adventure-works.com,164-555-0147,F,2022-11-16-09:51:168,20168
272,Mr.,Henry,L.,Campen,,Metro Cycle Shop,adventure-works\\david8,henry0@adventure-works.com,635-555-0126,F,2022-11-16-09:51:169,20169
273,Ms.,Christie,J.,Trujillo,,A Typical Bike Shop,adventure-works\\jillian0,christie0@adventure-works.com,686-555-0180,F,2022-11-16-09:51:170,20170
274,Ms.,Janet,J.,Gilliat,,Active Systems,adventure-works\\jillian0,janet2@adventure-works.com,521-555-0183,F,2022-11-16-09:51:171,20171
275,Mr.,Chris,,Cannon,,Outdoor Sporting Goods,adventure-works\\shu0,chris5@adventure-works.com,118-555-0131,F,2022-11-16-09:51:172,20172
276,Mr.,Michael John,R.,Troyer,,Thrifty Parts and Sales,adventure-works\\linda3,michaeljohn0@adventure-works.com,308-555-0175,F,2022-11-16-09:51:173,20173
277,Mr.,Guy,,Gilbert,,The Bicycle Accessories Company,adventure-works\\shu0,guy0@adventure-works.com,583-555-0198,F,2022-11-16-09:51:174,20174
280,Mr.,Frances,J.,Giglio,,Standard Bikes,adventure-works\\josé1,frances1@adventure-works.com,692-555-0136,F,2022-11-16-09:51:175,20175
281,Ms.,Suzana De Abreu,A.,Canuto,,Petroleum Products Distributors,adventure-works\\josé1,suzanadeabreu0@adventure-works.com,990-555-0141,F,2022-11-16-09:51:176,20176
282,Mr.,Billy,J.,Trent,,Quick Parts and Service,adventure-works\\garrett1,billy0@adventure-works.com,882-555-0115,F,2022-11-16-09:51:177,20177
286,Mr.,Leo,,Giakoumakis,,Number One Bike Co.,adventure-works\\jae0,leo0@adventure-works.com,1 (11) 500 555-0169,F,2022-11-16-09:51:178,20178
287,Mr.,Grant,,Culbertson,,Handy Bike Services,adventure-works\\michael9,grant1@adventure-works.com,859-555-0173,F,2022-11-16-09:51:179,20179
288,Mr.,Robert,L.,Barker,,Kickstand Sellers,adventure-works\\michael9,robert3@adventure-works.com,241-555-0112,F,2022-11-16-09:51:180,20180
289,Ms.,Gabriel,L.,Bockenkamp,,Moderately-Priced Bikes Store,adventure-works\\pamela0,gabriel0@adventure-works.com,763-555-0145,F,2022-11-16-09:51:181,20181
290,Mr.,Scott,,Culp,,Friendly Bike Shop,adventure-works\\david8,scott3@adventure-works.com,119-555-0167,F,2022-11-16-09:51:182,20182
291,Mr.,Wayne,N.,Banack,,Grand Bicycle Stores,adventure-works\\jillian0,wayne0@adventure-works.com,640-555-0189,F,2022-11-16-09:51:183,20183
292,Mr.,Michael,Greg,Blythe,,Grease and Oil Products Company,adventure-works\\jillian0,michael11@adventure-works.com,126-555-0172,F,2022-11-16-09:51:184,20184
293,Mr.,Conor,,Cunningham,,Fashionable Bikes and Accessories,adventure-works\\shu0,conor0@adventure-works.com,115-555-0113,F,2022-11-16-09:51:185,20185
294,Mr.,Alberto,F.,Baltazar,,Flawless Bike Shop,adventure-works\\linda3,alberto0@adventure-works.com,780-555-0114,F,2022-11-16-09:51:186,20186
295,Mr.,Joseph,P.,Mitzner,Jr.,Engineered Bike Systems,adventure-works\\shu0,joseph4@adventure-works.com,129-555-0164,F,2022-11-16-09:51:187,20187
298,Mr.,Robert,,Mitosinka,,City Cycling,adventure-works\\josé1,robert10@adventure-works.com,239-555-0198,F,2022-11-16-09:51:188,20188
299,Mr.,Thierry,,D'Hers,,Citywide Service and Repair,adventure-works\\josé1,thierry1@adventure-works.com,680-555-0192,F,2022-11-16-09:51:189,20189
300,Mr.,Daniel,,Blanco,,Nice Bikes,adventure-works\\garrett1,daniel0@adventure-works.com,221-555-0167,F,2022-11-16-09:51:190,20190
304,Ms.,Linda,,Mitchell,,Essential Bike Works,adventure-works\\jae0,linda9@adventure-works.com,1 (11) 500 555-0182,F,2022-11-16-09:51:191,20191
306,Mr.,Stephen,M.,Ayers,,Work and Play Association,adventure-works\\michael9,stephen1@adventure-works.com,818-555-0171,F,2022-11-16-09:51:192,20192
307,Ms.,Neva,M.,Mitchell,,Riding Associates,adventure-works\\pamela0,neva0@adventure-works.com,992-555-0134,F,2022-11-16-09:51:193,20193
308,Ms.,Megan,N.,Davis,,Rugged Bikes,adventure-works\\david8,megan1@adventure-works.com,839-555-0198,F,2022-11-16-09:51:194,20194
309,Mr.,John,,Arthur,,The Gear Store,adventure-works\\jillian0,john6@adventure-works.com,149-555-0113,F,2022-11-16-09:51:195,20195
310,Mr.,Frank,,Miller,,Orange Bicycle Company,adventure-works\\jillian0,frank6@adventure-works.com,118-555-0184,F,2022-11-16-09:51:196,20196
311,Sr.,Alvaro,,De Matos Miranda Filho,,Principal Bike Company,adventure-works\\shu0,alvaro0@adventure-works.com,551-555-0155,F,2022-11-16-09:51:197,20197
312,Mr.,Thomas,B.,Armstrong,Jr.,Resale Services,adventure-works\\linda3,thomas1@adventure-works.com,226-555-0146,F,2022-11-16-09:51:198,20198
313,Mr.,Dylan,,Miller,,Metropolitan Manufacturing,adventure-works\\shu0,dylan1@adventure-works.com,140-555-0192,F,2022-11-16-09:51:199,20199
316,Mr.,Ben,,Miller,,Low Price Cycles,adventure-works\\josé1,ben1@adventure-works.com,207-555-0167,F,2022-11-16-09:51:200,20200
317,Mr.,Jacob,N.,Dean,,Finer Riding Supplies,adventure-works\\josé1,jacob0@adventure-works.com,767-555-0151,F,2022-11-16-09:51:201,20201
318,Ms.,Ann,,Beebe,,First-Rate Outlet,adventure-works\\garrett1,ann0@adventure-works.com,277-555-0169,F,2022-11-16-09:51:202,20202
322,Mr.,Matthew,J.,Miller,,Tachometers and Accessories,adventure-works\\jae0,matthew5@adventure-works.com,1 (11) 500 555-0176,F,2022-11-16-09:51:203,20203
323,Mr.,Jo,,Brown,,Metro Bike Works,adventure-works\\michael9,jo2@adventure-works.com,689-555-0130,F,2022-11-16-09:51:204,20204
325,Ms.,Virginia,L.,Miller,,All Cycle Shop,adventure-works\\pamela0,virginia0@adventure-works.com,918-555-0127,F,2022-11-16-09:51:205,20205
326,Mr.,Scott,,Gode,,Year-Round Sports,adventure-works\\david8,scott4@adventure-works.com,164-555-0145,F,2022-11-16-09:51:206,20206
327,Ms.,Caroline,A.,Vicknair,,World of Bikes,adventure-works\\jillian0,caroline0@adventure-works.com,695-555-0158,F,2022-11-16-09:51:207,20207
328,Mr.,Robert,R.,Vessa,,Totes & Baskets Company,adventure-works\\jillian0,robert13@adventure-works.com,560-555-0171,F,2022-11-16-09:51:208,20208
330,Mr.,Mete,,Goktepe,,The New Bike Store,adventure-works\\linda3,mete0@adventure-works.com,637-555-0120,F,2022-11-16-09:51:209,20209
331,Ms.,Wanda,F.,Vernon,,Technical Parts Manufacturing,adventure-works\\shu0,wanda0@adventure-works.com,433-555-0168,F,2022-11-16-09:51:210,20210
334,Ms.,Dora,P.,Verdad,,Retreat Inn,adventure-works\\josé1,dora0@adventure-works.com,155-555-0140,F,2022-11-16-09:51:211,20211
335,Mr.,John,M.,Berger,Jr.,Scratch-Resistant Finishes Company,adventure-works\\josé1,john10@adventure-works.com,156-555-0111,F,2022-11-16-09:51:212,20212
336,Mr.,Brian,R,Goldstein,,Primary Bike Distributors,adventure-works\\garrett1,brian4@adventure-works.com,495-555-0161,F,2022-11-16-09:51:213,20213
340,Mr.,Raja,D.,Venugopal,,Nearby Cycle Shop,adventure-works\\jae0,raja0@adventure-works.com,1 (11) 500 555-0195,F,2022-11-16-09:51:214,20214
343,Ms.,Patricia,M.,Vasquez,,Mail-Order Outlet,adventure-works\\pamela0,patricia2@adventure-works.com,490-555-0132,F,2022-11-16-09:51:215,20215
344,Ms.,Karren,K.,Burkhardt,,Fifth Bike Store,adventure-works\\david8,karren0@adventure-works.com,652-555-0132,F,2022-11-16-09:51:216,20216
345,Ms.,Abigail,J.,Gonzalez,,Genial Bike Associates,adventure-works\\jillian0,abigail0@adventure-works.com,121-555-0139,F,2022-11-16-09:51:217,20217
346,Mr.,Ranjit,Rudra,Varkey Chudukatil,,Great Bicycle Supply,adventure-works\\jillian0,ranjit1@adventure-works.com,810-555-0160,F,2022-11-16-09:51:218,20218
347,Ms.,Ingrid,K.,Burkhardt,,Bike Universe,adventure-works\\shu0,ingrid0@adventure-works.com,857-555-0187,F,2022-11-16-09:51:219,20219
348,Mr.,Oscar,L.,Alpuerto,,Bold Bike Accessories,adventure-works\\linda3,oscar0@adventure-works.com,855-555-0174,F,2022-11-16-09:51:220,20220
349,Mr.,Gary,T,Vargas,,Exercise Center,adventure-works\\shu0,gary6@adventure-works.com,112-555-0176,F,2022-11-16-09:51:221,20221
352,Mr.,Shane,S.,Kim,,Twelfth Bike Store,adventure-works\\josé1,shane2@adventure-works.com,155-555-0149,F,2022-11-16-09:51:222,20222
353,Ms.,Joan,M.,Campbell,,Two-Wheeled Transit Company,adventure-works\\josé1,joan0@adventure-works.com,700-555-0155,F,2022-11-16-09:51:223,20223
354,Mr.,Maxwell,J.,Amland,,Serious Cycles,adventure-works\\garrett1,maxwell0@adventure-works.com,614-555-0134,F,2022-11-16-09:51:224,20224
358,Mr.,Joe,,Kim,,Mail Market,adventure-works\\jae0,joe1@adventure-works.com,1 (11) 500 555-0144,F,2022-11-16-09:51:225,20225
360,Ms.,Ramona,J.,Antrim,,Novelty Bikes,adventure-works\\michael9,ramona0@adventure-works.com,327-555-0148,F,2022-11-16-09:51:226,20226
361,Ms.,Karan,,Khanna,,Fitness Supplies,adventure-works\\pamela0,karan1@adventure-works.com,390-555-0150,F,2022-11-16-09:51:227,20227
362,Ms.,Sharon,A.,Crow,,Grand Cycle Store,adventure-works\\david8,sharon1@adventure-works.com,889-555-0176,F,2022-11-16-09:51:228,20228
363,Mr.,Chris,,Ashton,,Immense Manufacturing Company,adventure-works\\jillian0,chris3@adventure-works.com,556-555-0145,F,2022-11-16-09:51:229,20229
364,Mr.,Imtiaz,,Khan,,District Mall,adventure-works\\jillian0,imtiaz0@adventure-works.com,249-555-0179,F,2022-11-16-09:51:230,20230
365,Mr.,Jack,,Creasey,,Distinctive Store,adventure-works\\shu0,jack2@adventure-works.com,539-555-0182,F,2022-11-16-09:51:231,20231
366,Ms.,Teresa,,Atkinson,,Extended Bike Sales,adventure-works\\linda3,teresa0@adventure-works.com,129-555-0110,F,2022-11-16-09:51:232,20232
367,Ms.,Tammy,J.,Khan,,Brown Bicycle Company,adventure-works\\shu0,tammy0@adventure-works.com,145-555-0166,F,2022-11-16-09:51:233,20233
370,Ms.,Elizabeth,,Keyser,,Acceptable Sales & Service,adventure-works\\josé1,elizabeth2@adventure-works.com,656-555-0173,F,2022-11-16-09:51:234,20234
371,Mr.,Bruno,,Costa Da Silva,,Custom Sales and Service,adventure-works\\josé1,bruno0@adventure-works.com,140-555-0143,F,2022-11-16-09:51:235,20235
372,Ms.,Katherine,K.,Swan,,Top Bike Market,adventure-works\\garrett1,katherine1@adventure-works.com,421-555-0192,F,2022-11-16-09:51:236,20236
376,Ms.,Mary,R.,Kesslep,,Commerce Bicycle Specialists,adventure-works\\jae0,mary8@adventure-works.com,1 (11) 500 555-0146,F,2022-11-16-09:51:237,20237
377,Mr.,Marlin,M.,Coriell,,Grand Sport Boutique,adventure-works\\michael9,marlin0@adventure-works.com,941-555-0155,F,2022-11-16-09:51:238,20238
379,Mr.,Kevin,,Kennedy,,Fad Outlet,adventure-works\\pamela0,kevin4@adventure-works.com,275-555-0179,F,2022-11-16-09:51:239,20239
380,Ms.,Eva,,Corets,,First Department Stores,adventure-works\\david8,eva0@adventure-works.com,542-555-0164,F,2022-11-16-09:51:240,20240
381,Ms.,Julie,,Taft-Rider,,Bicycle Lines Distributors,adventure-works\\jillian0,julie1@adventure-works.com,145-555-0194,F,2022-11-16-09:51:241,20241
382,Mr.,Robert,,Kelly,,Beneficial Exercises and Activities,adventure-works\\jillian0,robert7@adventure-works.com,510-555-0123,F,2022-11-16-09:51:242,20242
383,Mr.,Scott,,Cooper,,Vehicle Shop,adventure-works\\shu0,scott2@adventure-works.com,773-555-0182,F,2022-11-16-09:51:243,20243
384,Mr.,Clarence,R.,Tatman,,Sparkling Paint and Finishes,adventure-works\\linda3,clarence0@adventure-works.com,787-555-0128,F,2022-11-16-09:51:244,20244
385,Mr.,John,,Kelly,,Sturdy Toys,adventure-works\\shu0,john22@adventure-works.com,330-555-0116,F,2022-11-16-09:51:245,20245
388,Mr.,Victor,A.,Kelley,,Road Way Sales and Rental,adventure-works\\josé1,victor0@adventure-works.com,112-555-0195,F,2022-11-16-09:51:246,20246
389,Ms.,Dorothy,J.,Contreras,,Sixth Bike Store,adventure-works\\josé1,dorothy0@adventure-works.com,428-555-0176,F,2022-11-16-09:51:247,20247
390,Mr.,Mike,M.,Taylor,,Plastic Parts Company,adventure-works\\garrett1,mike6@adventure-works.com,204-555-0189,F,2022-11-16-09:51:248,20248
394,Ms.,Bonnie,,Kearney,,Little Sports Center,adventure-works\\jae0,bonnie1@adventure-works.com,1 (11) 500 555-0116,F,2022-11-16-09:51:249,20249
395,Ms.,June,B.,Brunner,,Online Bike Sellers,adventure-works\\michael9,june0@adventure-works.com,249-555-0172,F,2022-11-16-09:51:250,20250
397,Mr.,Sandeep,,Katyal,,Capable Sales and Service,adventure-works\\pamela0,sandeep2@adventure-works.com,928-555-0117,F,2022-11-16-09:51:251,20251
398,Ms.,Shirley,R.,Bruner,,Commendable Bikes,adventure-works\\david8,shirley0@adventure-works.com,383-555-0155,F,2022-11-16-09:51:252,20252
399,Mr.,Chad,J.,Tedford,,Big Cycle Mall,adventure-works\\jillian0,chad1@adventure-works.com,588-555-0128,F,2022-11-16-09:51:253,20253
400,Mr.,Peter,,Houston,,Local Sales and Rental,adventure-works\\jillian0,peter3@adventure-works.com,632-555-0171,F,2022-11-16-09:51:254,20254
401,Mr.,Tom,H,Johnston,,Brightwork Company,adventure-works\\shu0,tom1@adventure-works.com,883-555-0177,F,2022-11-16-09:51:255,20255
402,Ms.,Marian,M.,Berch,,Pro Sporting Goods,adventure-works\\linda3,marian0@adventure-works.com,640-555-0198,F,2022-11-16-09:51:256,20256
403,Ms.,Juanita,J.,Holman,,Affordable Sports Equipment,adventure-works\\shu0,juanita0@adventure-works.com,996-555-0196,F,2022-11-16-09:51:257,20257
406,Mr.,Eddie,M.,Holmes,,The Commissary,adventure-works\\josé1,eddie0@adventure-works.com,570-555-0199,F,2022-11-16-09:51:258,20258
407,Mr.,Robert,A.,Avalos,,Workout Emporium,adventure-works\\josé1,robert2@adventure-works.com,665-555-0198,F,2022-11-16-09:51:259,20259
408,Mr.,Alexander,J.,Berger,II,Odometers and Accessories Company,adventure-works\\garrett1,alexander0@adventure-works.com,519-555-0151,F,2022-11-16-09:51:260,20260
412,Ms.,Jean,J.,Holloway,,Leisure Clearing House,adventure-works\\jae0,jean2@adventure-works.com,1 (11) 500 555-0181,F,2022-11-16-09:51:261,20261
415,Mr.,Greg,,Chapman,,Imaginary Toys,adventure-works\\pamela0,greg1@adventure-works.com,708-555-0169,F,2022-11-16-09:51:262,20262
416,Ms.,Angela,,Barbariol,,Impromptu Trips,adventure-works\\david8,angela1@adventure-works.com,134-555-0182,F,2022-11-16-09:51:263,20263
417,Ms.,Ruth,A.,Choin,,Genuine Bike Shop,adventure-works\\jillian0,ruth1@adventure-works.com,273-555-0181,F,2022-11-16-09:51:264,20264
418,Mr.,Lee,J.,Chapla,,Good Bike Shop,adventure-works\\jillian0,lee0@adventure-works.com,223-555-0184,F,2022-11-16-09:51:265,20265
419,Mr.,Darrell,M.,Banks,,Exertion Activities Club,adventure-works\\shu0,darrell0@adventure-works.com,816-555-0118,F,2022-11-16-09:51:266,20266
420,Mr.,Anthony,,Chor,,Extreme Riding Supplies,adventure-works\\linda3,anthony0@adventure-works.com,429-555-0145,F,2022-11-16-09:51:267,20267
421,Mr.,Forrest,J.,Chandler,,Fitness Cycling,adventure-works\\shu0,forrest0@adventure-works.com,448-555-0179,F,2022-11-16-09:51:268,20268
424,Mr.,Eli,,Bowen,,Bikes for Two,adventure-works\\josé1,eli0@adventure-works.com,371-555-0143,F,2022-11-16-09:51:269,20269
425,Mr.,Stephen,Yuan,Jiang,,Bikes for Kids and Adults,adventure-works\\josé1,stephen3@adventure-works.com,910-555-0116,F,2022-11-16-09:51:270,20270
426,Mr.,Dirk,J.,Bruno,,Custom Accessories Company,adventure-works\\garrett1,dirk0@adventure-works.com,817-555-0114,F,2022-11-16-09:51:271,20271
430,Sr.,Gustavo,,Camargo,,Uttermost Bike Shop,adventure-works\\jae0,gustavo1@adventure-works.com,1 (11) 500 555-0118,F,2022-11-16-09:51:272,20272
431,Mr.,Douglas,A.,Baldwin,Jr.,Small Cycle Store,adventure-works\\michael9,douglas1@adventure-works.com,583-555-0130,F,2022-11-16-09:51:273,20273
433,Ms.,Lindsey,R.,Camacho,,Thorough Parts and Repair Services,adventure-works\\pamela0,lindsey0@adventure-works.com,827-555-0143,F,2022-11-16-09:51:274,20274
434,Mr.,James,B.,Bailey,Jr.,Road-Way Mart,adventure-works\\david8,james3@adventure-works.com,234-555-0112,F,2022-11-16-09:51:275,20275
435,Ms.,Carol,B.,Elliott,,Satin Finish Company,adventure-works\\jillian0,carol2@adventure-works.com,847-555-0151,F,2022-11-16-09:51:276,20276
436,Ms.,Barbara,J.,Calone,,Sheet Metal Manufacturing,adventure-works\\jillian0,barbara2@adventure-works.com,145-555-0152,F,2022-11-16-09:51:277,20277
437,Ms.,Megan,E.,Burke,,Professional Cycle Store,adventure-works\\shu0,megan0@adventure-works.com,148-555-0149,F,2022-11-16-09:51:278,20278
438,Mr.,Cory,K.,Booth,,Remarkable Bike Store,adventure-works\\linda3,cory0@adventure-works.com,121-555-0157,F,2022-11-16-09:51:279,20279
439,Ms.,Shannon,P.,Elliott,,Regional Manufacturing,adventure-works\\shu0,shannon0@adventure-works.com,425-555-0158,F,2022-11-16-09:51:280,20280
442,Ms.,Jauna,E.,Elson,,Original Bicycle Supply Company,adventure-works\\josé1,jauna0@adventure-works.com,185-555-0190,F,2022-11-16-09:51:281,20281
443,Sra.,Janaina Barreiro Gambaro,,Bueno,,Courteous Bicycle Specialists,adventure-works\\josé1,janainabarreirogambaro0@adventure-works.com,476-555-0184,F,2022-11-16-09:51:282,20282
444,Mr.,Shaun,,Beasley,,Finer Cycle Shop,adventure-works\\garrett1,shaun0@adventure-works.com,396-555-0187,F,2022-11-16-09:51:283,20283
448,Mr.,Terry,,Eminhizer,,Action Bicycle Specialists,adventure-works\\jae0,terry1@adventure-works.com,1 (11) 500 555-0176,F,2022-11-16-09:51:284,20284
451,Mr.,John,,Emory,,Roadway Bike Emporium,adventure-works\\pamela0,john16@adventure-works.com,691-555-0149,F,2022-11-16-09:51:285,20285
452,Ms.,Olga,J.,Trau,,A Cycle Shop,adventure-works\\david8,olga0@adventure-works.com,398-555-0167,F,2022-11-16-09:51:286,20286
453,Mr.,Jon,,Ganio,,Unique Bikes,adventure-works\\jillian0,jon0@adventure-works.com,672-555-0112,F,2022-11-16-09:51:287,20287
454,Ms.,Gail,,Erickson,,Sleek Bikes ,adventure-works\\jillian0,gail1@adventure-works.com,834-555-0132,F,2022-11-16-09:51:288,20288
455,Mr.,James,R.,Tran,,Timely Shipping Service,adventure-works\\shu0,james15@adventure-works.com,740-555-0159,F,2022-11-16-09:51:289,20289
456,Mr.,Michael,,Galos,,Riding Excursions,adventure-works\\linda3,michael15@adventure-works.com,912-555-0149,F,2022-11-16-09:51:290,20290
457,Mr.,Mark,B,Erickson,,Retail Sporting Equipment,adventure-works\\shu0,mark2@adventure-works.com,962-555-0112,F,2022-11-16-09:51:291,20291
460,Ms.,Martha,R.,Espinoza,,Price-Cutter Discount Bikes,adventure-works\\josé1,martha0@adventure-works.com,753-555-0179,F,2022-11-16-09:51:292,20292
461,Mr.,Glenn,J.,Track,II,Active Life Toys,adventure-works\\josé1,glenn0@adventure-works.com,907-555-0170,F,2022-11-16-09:51:293,20293
462,Mr.,Bob,,Gage,,General Riding Supplies,adventure-works\\garrett1,bob1@adventure-works.com,962-555-0175,F,2022-11-16-09:51:294,20294
466,Sra.,Janeth,,Esteves,,Central Bicycle Specialists,adventure-works\\jae0,janeth1@adventure-works.com,1 (11) 500 555-0136,F,2022-11-16-09:51:295,20295
468,Mr.,Paul,J.,Fulton,,Blue Bicycle Company,adventure-works\\michael9,paul3@adventure-works.com,492-555-0146,M,2022-11-16-09:51:296,20296
469,Ms.,Twanna,R.,Evans,,Vast Bike Sales and Rental,adventure-works\\pamela0,twanna0@adventure-works.com,554-555-0124,M,2022-11-16-09:51:297,20297
470,Ms.,Delia,B.,Toone,,Wingtip Toys,adventure-works\\david8,delia0@adventure-works.com,328-555-0192,M,2022-11-16-09:51:298,20298
471,Mr.,John,,Ford,,Social Activities Club,adventure-works\\jillian0,john19@adventure-works.com,596-555-0153,M,2022-11-16-09:51:299,20299
472,Ms.,Ann,R.,Evans,,Summer Sports Place,adventure-works\\jillian0,ann1@adventure-works.com,252-555-0127,M,2022-11-16-09:51:300,20300
473,Ms.,Kay,E.,Krane,,Racing Toys,adventure-works\\shu0,kay0@adventure-works.com,731-555-0187,M,2022-11-16-09:51:301,20301
474,Mr.,Mihail,,Frintu,,Retail Cycle Shop,adventure-works\\linda3,mihail1@adventure-works.com,777-555-0163,M,2022-11-16-09:51:302,20302
475,Mr.,John,,Evans,,Real Sporting Goods,adventure-works\\shu0,john17@adventure-works.com,581-555-0172,M,2022-11-16-09:51:303,20303
478,Ms.,Ruby Sue,R.,Styles,,Major Cycling,adventure-works\\josé1,rubysue0@adventure-works.com,512-555-0122,M,2022-11-16-09:51:304,20304
479,Ms.,Lori,,Kane,,General Supplies,adventure-works\\josé1,lori2@adventure-works.com,765-555-0141,M,2022-11-16-09:51:305,20305
480,Ms.,Susan,E.,French,,General Bike Corporation,adventure-works\\garrett1,susan3@adventure-works.com,994-555-0194,M,2022-11-16-09:51:306,20306
484,Mr.,Gary,J.,Suess,,Downhill Bicycle Specialists,adventure-works\\jae0,gary5@adventure-works.com,1 (11) 500 555-0199,M,2022-11-16-09:51:307,20307
487,Ms.,Ruth,J.,Suffin,,Bike Experts,adventure-works\\pamela0,ruth2@adventure-works.com,924-555-0195,M,2022-11-16-09:51:308,20308
488,Ms.,Margaret,J.,Smith,,Bicycle Accessories and Kits,adventure-works\\david8,margaret0@adventure-works.com,959-555-0151,M,2022-11-16-09:51:309,20309
489,Ms.,Dorothy,J.,Fox,,Cash & Carry Bikes,adventure-works\\jillian0,dorothy1@adventure-works.com,191-555-0198,M,2022-11-16-09:51:310,20310
490,Ms.,Elizabeth,J.,Sullivan,,Extraordinary Bike Works,adventure-works\\jillian0,elizabeth4@adventure-works.com,306-555-0112,M,2022-11-16-09:51:311,20311
491,Ms.,Frances,B.,Adams,,Area Bike Accessories,adventure-works\\shu0,frances0@adventure-works.com,991-555-0183,M,2022-11-16-09:51:312,20312
492,Mr.,Garth,,Fort,,Basic Sports Equipment,adventure-works\\linda3,garth0@adventure-works.com,768-555-0125,M,2022-11-16-09:51:313,20313
493,Mr.,Michael,,Sullivan,,Valley Bicycle Distributors,adventure-works\\shu0,michael24@adventure-works.com,323-555-0113,M,2022-11-16-09:51:314,20314
496,Ms.,Marcia,J.,Sultan,,Top Sports Supply,adventure-works\\josé1,marcia0@adventure-works.com,613-555-0116,M,2022-11-16-09:51:315,20315
497,Ms.,Amy,E.,Alberts,,Valley Toy Store,adventure-works\\josé1,amy1@adventure-works.com,727-555-0115,M,2022-11-16-09:51:316,20316
498,Ms.,Kelly,,Focht,,Quick Delivery Service,adventure-works\\garrett1,kelly0@adventure-works.com,272-555-0123,M,2022-11-16-09:51:317,20317
502,Mr.,Krishna,,Sunkammurali,,Metropolitan Bicycle Supply,adventure-works\\jae0,krishna1@adventure-works.com,1 (11) 500 555-0177,M,2022-11-16-09:51:318,20318
504,Ms.,Mae,M.,Black,,Historic Bicycle Sales,adventure-works\\michael9,mae1@adventure-works.com,264-555-0143,M,2022-11-16-09:51:319,20319
505,Mr.,Brad,,Sutton,,Honest Repair Service,adventure-works\\pamela0,brad0@adventure-works.com,688-555-0115,M,2022-11-16-09:51:320,20320
506,Mr.,François,,Ferrier,,Great Bikes ,adventure-works\\david8,françois1@adventure-works.com,571-555-0128,M,2022-11-16-09:51:321,20321
507,Mr.,Mary,,Bishop,,Global Sporting Goods,adventure-works\\jillian0,mary4@adventure-works.com,176-555-0136,M,2022-11-16-09:51:322,20322
508,Mr.,Martin,J.,Svoboda,IV,Designer Department Stores,adventure-works\\jillian0,martin1@adventure-works.com,132-555-0149,M,2022-11-16-09:51:323,20323
509,Mr.,Robert,E.,Ahlering,,Fun Toys and Bikes,adventure-works\\shu0,robert1@adventure-works.com,678-555-0175,M,2022-11-16-09:51:324,20324
510,Mr.,Jimmy,,Bischoff,,World Bike Discount Store,adventure-works\\linda3,jimmy1@adventure-works.com,992-555-0111,M,2022-11-16-09:51:325,20325
511,Mr.,Abraham,L.,Swearengin,,Wheel Gallery,adventure-works\\shu0,abraham0@adventure-works.com,926-555-0136,M,2022-11-16-09:51:326,20326
514,Mr.,Ryan,,Calafato,,Retail Mall,adventure-works\\josé1,ryan1@adventure-works.com,726-555-0155,M,2022-11-16-09:51:327,20327
515,Mr.,Dragan,,Tomic,,Rural Bicycle Supply,adventure-works\\josé1,dragan1@adventure-works.com,833-555-0167,M,2022-11-16-09:51:328,20328
516,Mr.,Thomas,R.,Michaels,,Seats and Saddles Company,adventure-works\\garrett1,thomas2@adventure-works.com,162-555-0174,M,2022-11-16-09:51:329,20329
520,Ms.,Mari,B.,Caldwell,,Metro Metals Co.,adventure-works\\jae0,mari0@adventure-works.com,1 (11) 500 555-0118,M,2022-11-16-09:51:330,20330
523,Ms.,Mary,M.,Gimmi,,Futuristic Sport Distributors,adventure-works\\shu0,mary6@adventure-works.com,149-555-0196,M,2022-11-16-09:51:331,20331
526,Mr.,David,L.,Givens,,Finer Sales and Service,adventure-works\\josé1,david15@adventure-works.com,605-555-0111,M,2022-11-16-09:51:332,20332
527,Ms.,Diane,,Tibbott,,Fun Times Club,adventure-works\\shu0,diane5@adventure-works.com,847-555-0184,M,2022-11-16-09:51:333,20333
528,Ms.,Helen,M.,Meyer,,Alpine Ski House,adventure-works\\linda3,helen2@adventure-works.com,519-555-0112,M,2022-11-16-09:51:334,20334
529,Ms.,Jeanie,R.,Glenn,PhD,Big-Time Bike Store,adventure-works\\shu0,jeanie0@adventure-works.com,669-555-0149,M,2022-11-16-09:51:335,20335
532,Ms.,Diane,R.,Glimp,,The Showroom,adventure-works\\josé1,diane3@adventure-works.com,898-555-0137,M,2022-11-16-09:51:336,20336
533,Ms.,Yuping,,Tian,,Tenth Bike Store,adventure-works\\josé1,yuping0@adventure-works.com,744-555-0123,M,2022-11-16-09:51:337,20337
534,Mr.,Stephen,A.,Mew,,Recommended Bicycles,adventure-works\\garrett1,stephen4@adventure-works.com,399-555-0114,M,2022-11-16-09:51:338,20338
538,Mr.,John,R.,Brooks,,Prosperous Tours,adventure-works\\jae0,john12@adventure-works.com,1 (11) 500 555-0179,M,2022-11-16-09:51:339,20339
541,Mr.,Willie,P.,Brooks,Jr.,Nonskid Tire Company,adventure-works\\pamela0,willie0@adventure-works.com,525-555-0174,M,2022-11-16-09:51:340,20340
542,Mr.,Andrew,P.,Kobylinski,,Finer Parts Shop,adventure-works\\david8,andrew5@adventure-works.com,129-555-0185,M,2022-11-16-09:51:341,20341
543,Mr.,R. Morgan,L.,Mendoza,,Friendly Neighborhood Bikes,adventure-works\\jillian0,rmorgan0@adventure-works.com,963-555-0146,M,2022-11-16-09:51:342,20342
544,Mr.,Jay,,Adams,,Valley Bicycle Specialists,adventure-works\\jillian0,jay1@adventure-works.com,158-555-0142,M,2022-11-16-09:51:343,20343
545,Mr.,Christian,,Kleinerman,,Finish and Sealant Products,adventure-works\\shu0,christian1@adventure-works.com,362-555-0177,M,2022-11-16-09:51:344,20344
546,Mr.,Anton,,Kirilov,,Field Trip Store,adventure-works\\linda3,anton0@adventure-works.com,608-555-0162,M,2022-11-16-09:51:345,20345
547,Ms.,Gladys,F.,Mendiola,,Curbside Sporting Goods,adventure-works\\shu0,gladys0@adventure-works.com,535-555-0189,M,2022-11-16-09:51:346,20346
550,Ms.,Raquel,,Mello,,Remote Bicycle Specialists,adventure-works\\josé1,raquel0@adventure-works.com,723-555-0124,M,2022-11-16-09:51:347,20347
551,Mr.,Samuel,N.,Agcaoili,,Vinyl and Plastic Goods Corporation,adventure-works\\josé1,samuel0@adventure-works.com,554-555-0110,M,2022-11-16-09:51:348,20348
552,Mr.,Tim,,Kim,,Consolidated Messenger,adventure-works\\garrett1,tim0@adventure-works.com,244-555-0115,M,2022-11-16-09:51:349,20349
556,Ms.,Nancy,A.,McPhearson,,Variety Cycling,adventure-works\\jae0,nancy3@adventure-works.com,1 (11) 500 555-0195,M,2022-11-16-09:51:350,20350
559,Ms.,Nkenge,,McLin,,Some Discount Store,adventure-works\\pamela0,nkenge0@adventure-works.com,158-555-0123,M,2022-11-16-09:51:351,20351
560,Mr.,Paul,L.,Alcorn,,Major Sport Suppliers,adventure-works\\david8,paul2@adventure-works.com,331-555-0162,M,2022-11-16-09:51:352,20352
561,Mr.,Marvin,N.,Allen,,Mountain Toy Store,adventure-works\\jillian0,marvin0@adventure-works.com,447-555-0110,M,2022-11-16-09:51:353,20353
562,Ms.,Yvonne,,McKay,,Practical Bike Supply Company,adventure-works\\jillian0,yvonne1@adventure-works.com,623-555-0144,M,2022-11-16-09:51:354,20354
563,Mr.,Sean,P.,Jacobson,,Systematic Sales,adventure-works\\shu0,sean2@adventure-works.com,555-555-0162,M,2022-11-16-09:51:355,20355
564,Ms.,Michelle,,Alexander,,Imported and Domestic Cycles,adventure-works\\linda3,michelle0@adventure-works.com,115-555-0175,M,2022-11-16-09:51:356,20356
565,Mr.,Richard,M.,Bentley,Jr.,Metallic Paint and Overcoat Co,adventure-works\\shu0,richard0@adventure-works.com,911-555-0153,M,2022-11-16-09:51:357,20357
568,Mr.,Curtis,P.,Howard,,Economy Center,adventure-works\\josé1,curtis0@adventure-works.com,555-555-0162,M,2022-11-16-09:51:358,20358
569,Mr.,Cecil,J.,Allison,,Designated Distributors,adventure-works\\josé1,cecil0@adventure-works.com,699-555-0155,M,2022-11-16-09:51:359,20359
570,Mr.,Gregory,F.,Alderson,,Family's Favorite Bike Shop,adventure-works\\garrett1,gregory0@adventure-works.com,968-555-0153,M,2022-11-16-09:51:360,20360
574,Ms.,Janice,K.,Hows,,Area Sheet Metal Supply,adventure-works\\jae0,janice1@adventure-works.com,1 (11) 500 555-0119,M,2022-11-16-09:51:361,20361
577,Mr.,George,M.,Huckaby,,Synthetic Materials Manufacturing,adventure-works\\pamela0,george1@adventure-works.com,851-555-0127,M,2022-11-16-09:51:362,20362
578,Ms.,Carolyn,,Farino,,The Bike Shop,adventure-works\\david8,carolyn0@adventure-works.com,957-555-0125,M,2022-11-16-09:51:363,20363
579,Ms.,Kim,,Abercrombie,,Riders Company,adventure-works\\jillian0,kim2@adventure-works.com,334-555-0137,M,2022-11-16-09:51:364,20364
580,Mr.,Joshua,J.,Huff,,Rural Sales and Service,adventure-works\\jillian0,joshua0@adventure-works.com,190-555-0186,M,2022-11-16-09:51:365,20365
581,Ms.,Geri,P.,Farrell,,Safe Toys,adventure-works\\shu0,geri0@adventure-works.com,329-555-0183,M,2022-11-16-09:51:366,20366
582,Ms.,Catherine,R.,Abel,,Professional Sales and Service,adventure-works\\linda3,catherine0@adventure-works.com,747-555-0171,M,2022-11-16-09:51:367,20367
583,Ms.,Laura,C.,Steele,,Professional Containers and Packaging Co.,adventure-works\\shu0,laura3@adventure-works.com,741-555-0173,M,2022-11-16-09:51:368,20368
586,Ms.,Shanay,B.,Steelman,,One Bike Company,adventure-works\\josé1,shanay0@adventure-works.com,797-555-0118,M,2022-11-16-09:51:369,20369
587,Ms.,Rhoda,J.,Finley,,Our Sporting Goods Store,adventure-works\\josé1,rhoda0@adventure-works.com,920-555-0191,M,2022-11-16-09:51:370,20370
588,Mr.,Pat,A.,Chambers,,General Cycle Storehouse,adventure-works\\garrett1,pat1@adventure-works.com,127-555-0124,M,2022-11-16-09:51:371,20371
592,Mr.,Stefano,,Stefani,,Cycling Goods,adventure-works\\jae0,stefano0@adventure-works.com,1 (11) 500 555-0115,M,2022-11-16-09:51:372,20372
595,Mr.,Alan,,Steiner,,Cycle Clearance,adventure-works\\pamela0,alan4@adventure-works.com,792-555-0194,M,2022-11-16-09:51:373,20373
596,Ms.,Kathie,,Flood,,Coho Sports,adventure-works\\david8,kathie1@adventure-works.com,627-555-0192,M,2022-11-16-09:51:374,20374
597,Mr.,Bob,,Hodges,,All Seasons Sports Supply,adventure-works\\jillian0,bob2@adventure-works.com,129-555-0120,M,2022-11-16-09:51:375,20375
598,Mr.,Derik,,Stenerson,,Black Bicycle Company,adventure-works\\jillian0,derik0@adventure-works.com,441-555-0144,M,2022-11-16-09:51:376,20376
599,Mr.,Raul,E.,Casts,,Westside Plaza,adventure-works\\shu0,raul0@adventure-works.com,362-555-0162,M,2022-11-16-09:51:377,20377
600,Ms.,Holly,J.,Holt,,Strenuous Exercise Shop,adventure-works\\linda3,holly1@adventure-works.com,654-555-0150,M,2022-11-16-09:51:378,20378
601,Mr.,Vassar,J.,Stern,,Transport Bikes,adventure-works\\shu0,vassar0@adventure-works.com,328-555-0123,M,2022-11-16-09:51:379,20379
604,Ms.,Wathalee,R.,Steuber,,Sellers of Cycles,adventure-works\\pamela0,wathalee0@adventure-works.com,517-555-0120,M,2022-11-16-09:51:380,20380
605,Mr.,Matthew,J.,Cavallari,,Outstanding Cycles,adventure-works\\david8,matthew1@adventure-works.com,695-555-0161,M,2022-11-16-09:51:381,20381
606,Ms.,Helge,,Hoeing,,Little Bicycle Supply Shop,adventure-works\\jillian0,helge0@adventure-works.com,850-555-0198,M,2022-11-16-09:51:382,20382
607,Ms.,Alice,M.,Steiner,,Maintenance and Repair for Bicycles,adventure-works\\jillian0,alice4@adventure-works.com,355-555-0180,M,2022-11-16-09:51:383,20383
608,Mr.,Steven,B.,Brown,IV,Golf and Cycle Store,adventure-works\\shu0,steven1@adventure-works.com,280-555-0124,M,2022-11-16-09:51:384,20384
609,Mr.,David,,Hodgson,,Good Toys,adventure-works\\linda3,david16@adventure-works.com,969-555-0117,M,2022-11-16-09:51:385,20385
610,Ms.,Liza Marie,N.,Stevens,,Fitness Department Stores,adventure-works\\shu0,lizamarie0@adventure-works.com,366-555-0110,M,2022-11-16-09:51:386,20386
613,Mr.,Jim,,Stewart,,Famous Bike Shop,adventure-works\\garrett1,jim5@adventure-works.com,226-555-0110,M,2022-11-16-09:51:387,20387
617,Ms.,Arlene,,Huff,,Tubeless Tire Company,adventure-works\\jae0,arlene0@adventure-works.com,1 (11) 500 555-0146,M,2022-11-16-09:51:388,20388
620,Mr.,Matthew,M.,Hunter,,Tires and Tubes,adventure-works\\pamela0,matthew4@adventure-works.com,482-555-0188,M,2022-11-16-09:51:389,20389
621,Mr.,Matthew,,Hink,,Running and Cycling Gear,adventure-works\\david8,matthew3@adventure-works.com,146-555-0176,M,2022-11-16-09:51:390,20390
622,Mr.,Robert,B.,Stotka,,Gift and Toy Store,adventure-works\\jillian0,robert12@adventure-works.com,493-555-0185,M,2022-11-16-09:51:391,20391
623,Ms.,Phyllis,R.,Huntsman,,Hardware Components,adventure-works\\jillian0,phyllis1@adventure-works.com,153-555-0195,M,2022-11-16-09:51:392,20392
624,Mr.,Mike,,Hines,,First Cycle Store,adventure-works\\shu0,mike3@adventure-works.com,454-555-0160,M,2022-11-16-09:51:393,20393
625,Ms.,Kayla,M.,Stotler,,Major Sporting Goods,adventure-works\\linda3,kayla0@adventure-works.com,315-555-0131,M,2022-11-16-09:51:394,20394
626,Mr.,Lawrence,E.,Hurkett,,Retail Sporting Goods,adventure-works\\shu0,lawrence0@adventure-works.com,129-555-0185,M,2022-11-16-09:51:395,20395
629,Mr.,Ryan,,Ihrig,,Efficient Cycling,adventure-works\\josé1,ryan4@adventure-works.com,809-555-0152,M,2022-11-16-09:51:396,20396
630,Mr.,Andrew,R.,Hill,,Eastside Parts Shop,adventure-works\\josé1,andrew4@adventure-works.com,194-555-0149,M,2022-11-16-09:51:397,20397
631,Mr.,Robert,P.,Lyeba,,Tandem Sales and Service,adventure-works\\garrett1,robert8@adventure-works.com,631-555-0155,M,2022-11-16-09:51:398,20398
635,Mr.,Roger,,Van Houten,,Sports Store,adventure-works\\jae0,roger2@adventure-works.com,1 (11) 500 555-0110,M,2022-11-16-09:51:399,20399
637,Mr.,Robert,,Lyon,,Reliable Retail Center,adventure-works\\garrett1,robert9@adventure-works.com,666-555-0143,M,2022-11-16-09:51:400,20400
641,Ms.,Rose,M.,Vandenouer,,Extended Tours,adventure-works\\jae0,rose1@adventure-works.com,1 (11) 500 555-0140,M,2022-11-16-09:51:401,20401
643,Ms.,Denise,R.,Maccietto,,Friendly Bike Shop,adventure-works\\michael9,denise1@adventure-works.com,537-555-0190,M,2022-11-16-09:51:402,20402
644,Mr.,Gregory,T.,Vanderbout,Jr.,Convenient Sales and Service,adventure-works\\pamela0,gregory1@adventure-works.com,684-555-0134,M,2022-11-16-09:51:403,20403
645,Mr.,Ronald,K.,Heymsfield,,Superior Hardware Distributors,adventure-works\\david8,ronald1@adventure-works.com,784-555-0120,M,2022-11-16-09:51:404,20404
646,Mr.,Scott,,MacDonald,,Yellow Bicycle Company,adventure-works\\jillian0,scott7@adventure-works.com,470-555-0171,M,2022-11-16-09:51:405,20405
647,Mr.,Michael,,Vanderhyde,,Solid Bike Parts,adventure-works\\jillian0,michael25@adventure-works.com,918-555-0141,M,2022-11-16-09:51:406,20406
648,Ms.,Cheryl,M.,Herring,,Small Bike Shop,adventure-works\\shu0,cheryl0@adventure-works.com,158-555-0154,M,2022-11-16-09:51:407,20407
649,Mr.,Walter,J.,Mays,Sr.,Sports Products Store,adventure-works\\linda3,walter1@adventure-works.com,245-555-0191,M,2022-11-16-09:51:408,20408
650,Ms.,Margaret,J.,Vanderkamp,,Permanent Finish Products,adventure-works\\shu0,margaret2@adventure-works.com,265-555-0143,M,2022-11-16-09:51:409,20409
653,Ms.,Kara,N.,Vanderlinden,,Mercantile Outlet,adventure-works\\josé1,kara0@adventure-works.com,680-555-0160,M,2022-11-16-09:51:410,20410
654,Mr.,Jésus,,Hernandez,,Online Bike Warehouse,adventure-works\\josé1,jésus0@adventure-works.com,214-555-0145,M,2022-11-16-09:51:411,20411
655,Ms.,Irene,J.,Hernandez,,Operational Manufacturing,adventure-works\\garrett1,irene0@adventure-works.com,790-555-0197,M,2022-11-16-09:51:412,20412
659,Mr.,Ajay,,Manchepalli,,Shipping Specialists,adventure-works\\jae0,ajay0@adventure-works.com,1 (11) 500 555-0174,M,2022-11-16-09:51:413,20413
660,Mr.,Nieves,J.,Vargas,II,Exhilarating Cycles,adventure-works\\michael9,nieves0@adventure-works.com,371-555-0184,M,2022-11-16-09:51:414,20414
661,Mr.,Kari,,Hensien,,General Department Stores,adventure-works\\garrett1,kari0@adventure-works.com,143-555-0129,M,2022-11-16-09:51:415,20415
665,Mr.,Tomas,M.,Manzanares,II,Authentic Sales and Service,adventure-works\\jae0,tomas0@adventure-works.com,1 (11) 500 555-0178,M,2022-11-16-09:51:416,20416
668,Ms.,Kathy,R.,Marcovecchio,,Official Parts Shop,adventure-works\\pamela0,kathy0@adventure-works.com,942-555-0141,M,2022-11-16-09:51:417,20417
669,Ms.,Patricia,,Doyle,,Racing Bike Outlet,adventure-works\\david8,patricia0@adventure-works.com,899-555-0134,M,2022-11-16-09:51:418,20418
670,Ms.,Valerie,M.,Hendricks,,First Bike Store,adventure-works\\jillian0,valerie0@adventure-works.com,859-555-0140,M,2022-11-16-09:51:419,20419
671,Ms.,Jill,K.,Markwood,,Contoso,,,,M,2022-11-16-09:51:420,20420
672,Mr.,Gerald,M.,Drury,,Utilitarian Sporting Goods,adventure-works\\shu0,gerald0@adventure-works.com,169-555-0178,M,2022-11-16-09:51:421,20421
673,Mr.,John,,Hanson,,Countryside Company,adventure-works\\linda3,john20@adventure-works.com,107-555-0117,M,2022-11-16-09:51:422,20422
674,Ms.,Melissa,R.,Marple,,Discount Tours,adventure-works\\shu0,melissa0@adventure-works.com,685-555-0117,M,2022-11-16-09:51:423,20423
677,Ms.,Cecelia,L.,Marshall,,Tire Exchange,adventure-works\\josé1,cecelia0@adventure-works.com,394-555-0168,M,2022-11-16-09:51:424,20424
678,Mr.,Reuben,,D'sa,,Vigorous Exercise Company,adventure-works\\josé1,reuben1@adventure-works.com,916-555-0137,M,2022-11-16-09:51:425,20425
679,Ms.,Brenda,F.,Heaney,,Superb Sales and Repair,adventure-works\\garrett1,brenda3@adventure-works.com,393-555-0167,M,2022-11-16-09:51:426,20426
683,Ms.,Linda,,Martin,,Oils and Fluids Warehouse,adventure-works\\jae0,linda8@adventure-works.com,1 (11) 500 555-0137,M,2022-11-16-09:51:427,20427
685,Mr.,James,B.,Haugh,Jr.,Family Cycle Store,adventure-works\\garrett1,james8@adventure-works.com,763-555-0120,M,2022-11-16-09:51:428,20428
689,Ms.,Sandra,I.,Martinez,,Consumer Equipment,adventure-works\\jae0,sandra3@adventure-works.com,1 (11) 500 555-0113,M,2022-11-16-09:51:429,20429
692,Ms.,Bev,L.,Desalvo,,Successful Sales Company,adventure-works\\pamela0,bev0@adventure-works.com,143-555-0113,M,2022-11-16-09:51:430,20430
693,Mr.,Bart,,Duncan,,Stock Parts and Supplies,adventure-works\\david8,bart0@adventure-works.com,539-555-0121,M,2022-11-16-09:51:431,20431
694,Ms.,Ann,T.,Hass,,The Accessories Store,adventure-works\\jillian0,ann2@adventure-works.com,713-555-0168,M,2022-11-16-09:51:432,20432
695,Mr.,Rob,,Caron,,Responsible Bike Dealers,adventure-works\\jillian0,rob2@adventure-works.com,620-555-0117,M,2022-11-16-09:51:433,20433
696,Mr.,Maciej,,Dusza,,Roadway Supplies,adventure-works\\shu0,maciej1@adventure-works.com,962-555-0144,M,2022-11-16-09:51:434,20434
697,Mr.,Roger,,Harui,,Brakes and Gears,adventure-works\\linda3,roger0@adventure-works.com,774-555-0133,M,2022-11-16-09:51:435,20435
698,Mr.,Andy,,Carothers,,Western Bike Supplies,adventure-works\\shu0,andy1@adventure-works.com,944-555-0148,M,2022-11-16-09:51:436,20436
701,Ms.,Linda,R.,Ecoffey,,Future Bikes,adventure-works\\josé1,linda5@adventure-works.com,674-555-0188,M,2022-11-16-09:51:437,20437
29770,Ms.,Kathleen,M.,Garza,,Rural Cycle Emporium,adventure-works\\josé1,kathleen0@adventure-works.com,150-555-0127,M,2022-11-16-09:51:438,20438
