customer_id,name,email,city,state,country,signup_date,loyalty_status
C2000,Tiffany Gonzalez,william66@hotmail.com,South Erin,New York,India,2024-09-14,Platinum
C2001,Christian Martinez,raymond54@ballard-taylor.org,Cindyburgh,Texas,India,2024-04-28,Gold
C2002,Kristy Robinson,jennifer83@gmail.com,Tommyland,Oregon,India,2024-12-25,Platinum
C2003,Pamela Jackson,glenda22@daniels.com,Alexiston,Minnesota,India,2023-02-09,Platinum
C2004,Nicole Wilson,icraig@yahoo.com,West Margaret,Michigan,India,2024-06-27,Silver
C2005,Traci Rodriguez,millsanthony@gmail.com,North Tracytown,Colorado,India,2025-08-14,Platinum
C2006,Eric Byrd,gonzalezkaren@terrell.com,Belltown,Mississippi,India,2025-03-10,Gold
C2007,Jennifer Espinoza,vaughnkenneth@johnson.net,West Devinport,California,India,2025-04-30,Platinum
C2008,Michael Burton,yyoung@roberts.biz,North Jennifer,Idaho,India,2024-03-08,Silver
C2009,Raymond Jefferson,tammy00@hotmail.com,Lake James,Florida,India,2025-08-08,Silver
C2010,Barbara Riggs,christinenorman@yahoo.com,West Jefferyfort,South Carolina,India,2024-10-10,Gold
C2011,Hannah Patterson,kari89@parsons.com,Johnfurt,Maryland,India,2022-10-22,Silver
C2012,Jonathan Peterson,tonyajones@gmail.com,Rossville,Utah,India,2024-04-22,Platinum
C2013,Samantha Garcia,rwilliams@baker.com,Samanthaport,Montana,India,2022-11-09,Gold
C2014,Madison Poole,jmckinney@gmail.com,New Ryan,Georgia,India,2024-10-06,Gold
C2015,Jessica Gross,candice94@tyler-pierce.com,Lindaberg,Delaware,India,2023-01-22,Gold
C2016,Debra Morton,susanmeyer@hotmail.com,West Derek,Texas,India,2024-09-16,Gold
C2017,Karen Graham,zdaniels@bailey.com,West Kevin,Illinois,India,2023-10-06,Gold
C2018,Debra Christian,kelly98@yahoo.com,Ashleymouth,South Dakota,India,2025-01-01,Platinum
C2019,Angelica Keith,caldwellsean@austin.com,South Kimberly,Massachusetts,India,2023-01-30,Gold
C2020,John Bishop,cruzamber@yahoo.com,Davishaven,Maine,India,2023-01-16,Gold
C2021,Allen Rosales,willie87@williams-villanueva.com,Bensonhaven,Virginia,India,2023-09-26,Silver
C2022,Daniel Salinas,vaughangary@hotmail.com,Taylorchester,Colorado,India,2025-05-17,Gold
C2023,Spencer Haynes,clarkcrystal@hancock.com,Fisherchester,Minnesota,India,2023-02-03,Silver
C2024,Adam Vaughan,elucas@parks.com,Johnsonside,Rhode Island,India,2024-08-16,Platinum
C2025,Nathan Freeman,brownlaura@jones.biz,Port Robertberg,New York,India,2024-04-22,Platinum
C2026,Melissa Brewer,bmccoy@yahoo.com,Kristinshire,Alaska,India,2024-02-16,Platinum
C2027,Ricky Davis II,inunez@may.com,Davidside,South Carolina,India,2023-09-19,Platinum
C2028,Elizabeth Perkins,howardwesley@buchanan-turner.com,Brianfurt,Pennsylvania,India,2025-04-04,Silver
C2029,Joseph Coleman,qjames@gmail.com,South Elizabeth,Nebraska,India,2024-09-08,Gold
C2030,Erin Warner,amandataylor@yahoo.com,Aguirrehaven,Hawaii,India,2022-11-02,Silver
C2031,David Martinez,kennetheaton@hotmail.com,Combsland,Mississippi,India,2024-01-24,Platinum
C2032,Bryan Herrera,spencerangela@gmail.com,West Mariaville,Kentucky,India,2024-01-04,Silver
C2033,Cathy Robinson,armstrongphillip@arroyo.com,Brookeport,Illinois,India,2025-01-15,Platinum
C2034,Dr. William Warren,gwhitehead@martin.org,Vaughnton,North Carolina,India,2025-09-07,Gold
C2035,Brian Lee,dannylambert@hotmail.com,Lake Brendahaven,Louisiana,India,2024-08-10,Platinum
C2036,Christopher Smith,enewman@powers-king.com,Lake Jamieberg,North Dakota,India,2023-08-12,Gold
C2037,Denise Mccann,michael31@yahoo.com,Taylorberg,Alaska,India,2025-04-20,Gold
C2038,Melissa Martinez,louishayes@hopkins.org,Courtneytown,New York,India,2024-06-08,Silver
C2039,Katherine Salas,susan20@yahoo.com,Hansonborough,Massachusetts,India,2023-02-04,Silver
C2040,Julie Alexander,jenniferdavidson@larsen-taylor.com,North Aaronville,Hawaii,India,2022-09-25,Silver
C2041,Anthony Everett,xgriffin@yahoo.com,East Jamesfort,Arkansas,India,2025-08-07,Silver
C2042,Rodney Morales,thompsoncatherine@yahoo.com,Port Williamfurt,Tennessee,India,2023-03-28,Gold
C2043,Mark Brown,josemercado@luna.net,North Kevinfort,Kansas,India,2025-03-19,Gold
C2044,Justin Torres,nhammond@arnold.net,Port Jimmy,Vermont,India,2025-07-24,Platinum
C2045,Bailey Duran DDS,michaelwalker@hotmail.com,Lorrainemouth,Maryland,India,2022-10-23,Gold
C2046,Courtney Mills,stevendixon@yahoo.com,South Dustintown,Kentucky,India,2024-11-04,Silver
C2047,Jeremy Dalton,batesmelanie@hotmail.com,East Lori,New Hampshire,India,2024-07-31,Gold
C2048,Elizabeth Oliver DDS,seanwhite@hopkins.info,East William,Nevada,India,2022-12-26,Platinum
C2049,Theresa Clark,robinsontony@gmail.com,South Timothy,Michigan,India,2024-10-28,Silver
C2050,Matthew Moore,jim38@yahoo.com,Elizabethshire,Arizona,India,2023-06-18,Silver
C2051,Benjamin Smith,chardin@gmail.com,Richardsonview,Louisiana,India,2024-08-29,Gold
C2052,Kirk Carter,padillaadrienne@yahoo.com,Cruzville,West Virginia,India,2023-11-10,Gold
C2053,Michael Warner,nicholasgray@hotmail.com,Butlerchester,Wisconsin,India,2025-08-27,Platinum
C2054,Michael Bradshaw,nicholas38@gomez-parrish.info,North Justin,Texas,India,2025-02-03,Silver
C2055,Lori Guerrero,shawdon@gmail.com,New Pedroshire,New Jersey,India,2024-05-05,Gold
C2056,Jessica Stephens,robertsonjuan@lopez.org,Austinmouth,Texas,India,2024-12-20,Platinum
C2057,Susan Serrano,robertrivera@olson.info,West Sydneymouth,Colorado,India,2025-06-21,Silver
C2058,Christopher Parker,deborahjenkins@williams.org,Hillburgh,Michigan,India,2022-11-24,Silver
C2059,Laura Roberts,crystalwilliams@thomas.net,Vincenthaven,Oklahoma,India,2023-10-08,Gold
C2060,Michael Lyons,johnsjessica@yahoo.com,West Rachel,Arizona,India,2025-03-07,Gold
C2061,Kathryn Snyder,shanehaney@jackson-greer.org,Palmerburgh,Florida,India,2023-03-11,Silver
C2062,Andrew Reynolds,cindydixon@ramsey.info,West Diana,South Carolina,India,2025-08-29,Silver
C2063,David Davis,nicholasanderson@harris.biz,Stephenberg,Alabama,India,2024-11-20,Platinum
C2064,Sara Johnston,thompsonrachel@williams.com,Kristenport,West Virginia,India,2024-10-11,Silver
C2065,Yvonne Chambers,mhopkins@carey.biz,Jonesfort,Oregon,India,2023-06-07,Gold
C2066,Andrew Avila,nancy86@gmail.com,Estesburgh,Alaska,India,2024-08-11,Silver
C2067,Matthew Moon,zbell@hotmail.com,Davidmouth,Maryland,India,2023-12-09,Silver
C2068,Kevin Walters,eanderson@kent.com,Breannafurt,Missouri,India,2023-05-20,Platinum
C2069,Brandon Bailey MD,jacob09@hotmail.com,North Anthonyburgh,Illinois,India,2022-11-10,Gold
C2070,Shannon Rivera,brooksjamie@ortiz-rodriguez.biz,North Elizabeth,New Mexico,India,2023-12-04,Platinum
C2071,Donna Landry,melissa69@yahoo.com,Villafort,Missouri,India,2025-03-31,Gold
C2072,Krista Gibson,afischer@hotmail.com,Kathleenbury,Missouri,India,2024-02-06,Gold
C2073,Frank Cordova,mitchellpeters@yahoo.com,East Jessicafurt,Arizona,India,2024-07-03,Gold
C2074,Jose Travis,kim62@hotmail.com,Nielsenton,Vermont,India,2023-02-27,Gold
C2075,Kimberly Gutierrez,seanlyons@garcia.biz,Dannyland,Utah,India,2025-08-11,Gold
C2076,Isaiah Avila,martintamara@gmail.com,Hinestown,Louisiana,India,2023-05-08,Silver
C2077,Olivia Harris,thomasburke@brown.com,West Daniel,Vermont,India,2023-01-07,Silver
C2078,Tanya Kim,ramseysarah@mendez-meyer.org,Grayshire,Missouri,India,2023-07-16,Platinum
C2079,Barbara Dudley,daniellegonzales@jefferson.com,East Johnny,Michigan,India,2024-09-27,Silver
C2080,Cynthia Moore,bowerswilliam@hall.com,Sheltonbury,Mississippi,India,2024-10-04,Platinum
C2081,Kristen Davis,christopherhill@gomez-foster.org,Lake Fernando,North Carolina,India,2023-10-01,Gold
C2082,Susan Murray MD,mclaughlincasey@dunn.net,North Brandi,Nevada,India,2022-09-18,Silver
C2083,Kathleen Moran,sylvia43@hotmail.com,East Arthurberg,Nebraska,India,2024-05-03,Gold
C2084,Denise Davenport,kspears@green.net,West Kimshire,Virginia,India,2025-06-21,Platinum
C2085,Mrs. Kristen Reyes,gordonmatthew@pratt.net,West Jacobhaven,Michigan,India,2023-06-11,Silver
C2086,Katie Suarez,kchurch@yahoo.com,Leeborough,Florida,India,2024-04-17,Silver
C2087,Desiree Tyler,susan77@atkins.biz,Masonstad,Minnesota,India,2022-11-17,Platinum
C2088,Timothy Romero,laurengutierrez@black-smith.com,Port Carlos,Washington,India,2023-12-23,Silver
C2089,Diane Evans,christopher51@velazquez.org,Garrettland,Kentucky,India,2023-06-20,Platinum
C2090,Yvonne Burns,staceyvega@gmail.com,East Kimberlyport,Oklahoma,India,2023-08-23,Platinum
C2091,Joshua Reed,jimmyallen@yahoo.com,North Victorton,Illinois,India,2024-02-20,Silver
C2092,Kimberly Gibson,jameswright@kelly.com,Andrewport,New York,India,2025-08-06,Silver
C2093,Colin Terry,duranamber@gmail.com,Peterstad,Maine,India,2025-03-04,Platinum
C2094,Cynthia Rowe,christine79@yahoo.com,Port Monicaport,Louisiana,India,2024-10-15,Gold
C2095,Patrick Thornton,traceymoon@yahoo.com,New Barbarahaven,Colorado,India,2023-08-31,Gold
C2096,Jasmin Alvarado,karenanderson@hotmail.com,Reginaldton,New Hampshire,India,2024-07-31,Silver
C2097,Veronica Simpson,cayers@hotmail.com,New Thomasview,Texas,India,2025-09-02,Silver
C2098,Jonathan Lawrence,xdalton@gmail.com,North Matthewview,Colorado,India,2023-03-09,Gold
C2099,Shelly Alexander,wolfesteve@hotmail.com,West Pamela,Texas,India,2023-02-14,Platinum
C2100,Joyce Bowen,craignicolas@nguyen.com,East Jamesmouth,Massachusetts,India,2023-05-23,Platinum
C2101,Matthew Moore,joel79@diaz-jimenez.com,East Trevorshire,North Carolina,India,2023-04-14,Gold
C2102,Wayne Morgan,michael64@yahoo.com,West Tinachester,Delaware,India,2023-04-03,Silver
C2103,Marie Christian,tiffanyparks@le.net,New Timothyberg,Alaska,India,2025-04-07,Silver
C2104,Shannon James,zgonzalez@hotmail.com,Jenniferville,Florida,India,2025-01-31,Silver
C2105,Nathan Malone,lshaffer@porter-cowan.net,South Williamstad,Wisconsin,India,2022-10-16,Gold
C2106,Amanda Jones,jevans@hotmail.com,Woodsbury,Connecticut,India,2024-07-21,Gold
C2107,Tammie Bright,kgarcia@lewis.info,North Anthonyborough,Kansas,India,2024-10-19,Gold
C2108,Jessica Garcia,qgarner@ward-grant.com,Flemingtown,California,India,2024-04-01,Platinum
C2109,Shelia Wallace,jenkinsmichael@hotmail.com,Williamsfurt,Idaho,India,2025-08-30,Platinum
C2110,Stephanie Williams,tiffanymitchell@nunez-freeman.info,South Jacqueline,Mississippi,India,2024-07-08,Platinum
C2111,Elaine Brooks,daustin@frye.com,North Samuel,California,India,2022-10-11,Platinum
C2112,Joseph Knight,esweeney@gmail.com,Michaelmouth,Georgia,India,2024-12-03,Gold
C2113,Carolyn Miller,jeremy54@adams.info,Hullbury,Oregon,India,2025-08-22,Gold
C2114,Lisa Allen,lgutierrez@gmail.com,North Brianna,Kansas,India,2024-04-04,Platinum
C2115,Briana Murray,ebonyshepard@brady.com,South Julie,Wyoming,India,2025-05-23,Silver
C2116,David Smith,bkelley@warren-ferrell.com,Port Alexisbury,Colorado,India,2025-01-01,Gold
C2117,Stephanie Byrd,christopherhuynh@yahoo.com,North Brianmouth,California,India,2023-02-22,Gold
C2118,Jeremy Reed,johnmitchell@hotmail.com,West Bradley,Alabama,India,2024-06-21,Gold
C2119,Margaret Coleman,alisonjackson@alvarado.info,Carriebury,Washington,India,2024-09-14,Silver
C2120,Ryan Gonzalez,amy28@gmail.com,Davidfurt,Alabama,India,2022-11-01,Silver
C2121,John Young,omills@hotmail.com,Sandovalland,West Virginia,India,2023-11-17,Gold
C2122,Laura Haney,timothy31@yahoo.com,West Shawnaborough,Michigan,India,2024-07-18,Silver
C2123,William Barrett,robert24@gmail.com,Thorntonstad,South Carolina,India,2025-01-22,Silver
C2124,Keith Jennings,mauriceharrison@watts.info,South Jennifer,California,India,2025-09-04,Silver
C2125,Amber Obrien,cannonlauren@hotmail.com,Kimberlyport,Georgia,India,2024-06-26,Platinum
C2126,Tanner Mitchell DDS,kelleyjacob@kim.biz,New Patricia,Pennsylvania,India,2022-12-22,Silver
C2127,Heather Fields,josehenderson@gmail.com,Heidihaven,South Dakota,India,2022-12-20,Silver
C2128,Megan Le,deborah84@yahoo.com,North Michaelchester,New Jersey,India,2023-01-23,Platinum
C2129,Sara Fuller,whitekeith@gibson.info,Ramirezborough,South Dakota,India,2023-10-23,Silver
C2130,Maria Parker,andrew08@lopez.com,Port Theresa,Michigan,India,2025-07-08,Platinum
C2131,Kevin Oconnor,jenniferacosta@gmail.com,West Judy,Texas,India,2024-03-18,Platinum
C2132,Edward Burgess,alexisrobinson@collins-lloyd.com,North Nathan,Connecticut,India,2024-09-16,Silver
C2133,Carlos Ryan,riveramegan@gmail.com,North Tiffany,South Carolina,India,2024-05-25,Silver
C2134,Kiara Mcintyre,kimberly18@white-huang.com,Santosmouth,Delaware,India,2024-11-05,Gold
C2135,Dawn Summers,martinezkayla@gmail.com,North Victorton,Arkansas,India,2023-09-22,Platinum
C2136,Dr. Paul Morgan,cwright@gmail.com,Joshuafurt,Virginia,India,2023-04-11,Platinum
C2137,Victor Taylor,boydtina@yahoo.com,Margaretland,Florida,India,2023-03-16,Silver
C2138,Shannon Ramsey,sharon20@hotmail.com,West Melissafurt,Illinois,India,2022-10-17,Gold
C2139,Tracy Ballard,timothy43@clay-boyer.com,Smithfurt,West Virginia,India,2023-05-19,Platinum
C2140,Richard Smith,cynthianguyen@bauer.com,Wallacebury,Colorado,India,2023-01-22,Gold
C2141,Jordan Chambers,albertwilliams@hotmail.com,South Jack,Idaho,India,2025-02-12,Platinum
C2142,Lauren Carson,nathandavis@gmail.com,Patelport,Colorado,India,2023-06-27,Platinum
C2143,Ashley Hall,parksmatthew@hotmail.com,New Kathryntown,Virginia,India,2025-07-08,Silver
C2144,Stephen Hoffman,kellyeric@moody.net,Sandraview,Colorado,India,2023-07-12,Platinum
C2145,Connie Brown,bquinn@hotmail.com,Port Anthony,Alabama,India,2024-08-02,Silver
C2146,Susan Turner,jennifer40@yahoo.com,Glennton,Nevada,India,2025-07-01,Platinum
C2147,Charles Shah,amy73@hotmail.com,New Paulport,Utah,India,2025-01-05,Silver
C2148,Johnathan Davis,mario74@rocha.com,Colemanshire,Iowa,India,2024-04-11,Platinum
C2149,Brandy Chavez,lori85@yahoo.com,Franciscofurt,Indiana,India,2025-01-22,Silver
C2150,Natalie Bautista,bgross@vincent.com,Reesebury,Arkansas,India,2023-10-23,Silver
C2151,Patrick Moore,alexandriajimenez@hotmail.com,North Juan,Virginia,India,2024-09-21,Platinum
C2152,Brett Burns,marcus51@mills.com,Christopherbury,Colorado,India,2022-12-22,Silver
C2153,Trevor Johnson,morganharris@lee-johnson.biz,Matthewfurt,Missouri,India,2025-06-25,Gold
C2154,Jeremy Sampson,brandon39@hotmail.com,New Joshuaview,Massachusetts,India,2023-06-25,Gold
C2155,Ariana Jennings,conradjason@hebert-collier.info,Kimberlytown,South Dakota,India,2025-03-02,Gold
C2156,Vanessa Howard,angela65@brown.com,West Ashleymouth,North Dakota,India,2024-06-12,Silver
C2157,Colton Martinez,blackburnsusan@gmail.com,Melaniemouth,Illinois,India,2023-03-08,Platinum
C2158,Jordan Bates,amandalopez@sandoval.net,Smithtown,New Mexico,India,2025-01-26,Gold
C2159,Linda Smith,mirandabarbara@hotmail.com,Johnsonstad,Illinois,India,2022-11-10,Gold
C2160,Dana Martinez,kandrade@gmail.com,Littleside,Virginia,India,2023-09-05,Platinum
C2161,Andrea Hubbard,diane89@yahoo.com,South Brian,New York,India,2023-07-21,Silver
C2162,Daniel Kane,andrea55@yahoo.com,West Pennyside,Rhode Island,India,2023-04-26,Silver
C2163,Charles Lester,charlene98@gmail.com,Stephaniemouth,Virginia,India,2023-12-20,Platinum
C2164,Scott Thomas,michael77@yahoo.com,West Katie,Idaho,India,2023-04-04,Platinum
C2165,David Thompson,birdcaitlin@taylor.com,Jordanfort,New Mexico,India,2025-09-03,Platinum
C2166,Allison Smith,andrew48@hawkins.com,East Crystal,Maine,India,2024-05-08,Silver
C2167,Cynthia Morris,eric45@hotmail.com,Port Christine,Washington,India,2022-09-27,Gold
C2168,Anthony Harmon,jonathanevans@ross.com,East Dannyton,Utah,India,2024-04-09,Gold
C2169,Nichole Alvarez,tracynolan@hotmail.com,Lake William,Pennsylvania,India,2022-12-12,Platinum
C2170,Kayla Rodriguez,benjamin96@deleon.com,Rileyton,Arkansas,India,2024-11-10,Silver
C2171,Theresa Williams,hconrad@gmail.com,North Stephanie,New Hampshire,India,2022-09-28,Platinum
C2172,Sharon Boyd,hbrown@flores.com,Theresatown,Idaho,India,2023-03-04,Platinum
C2173,Victor Brown,ericnunez@yahoo.com,Amberton,North Carolina,India,2024-12-02,Gold
C2174,James Parks,walkerkeith@yahoo.com,West Daniel,Alabama,India,2025-07-10,Platinum
C2175,Theodore Jones Jr.,matthewalvarez@williams.net,Wilsonland,Colorado,India,2023-10-28,Platinum
C2176,Ana Hill,kathleencastillo@gmail.com,East Mark,Idaho,India,2025-03-07,Platinum
C2177,Kimberly Nguyen,mpearson@hotmail.com,Mariachester,Illinois,India,2024-12-12,Silver
C2178,Kerry Chavez DDS,charlesfrank@cohen-johnston.com,Lake Ronaldport,Kentucky,India,2022-09-23,Gold
C2179,Michael Farrell,mdiaz@yahoo.com,North Mark,Georgia,India,2023-12-25,Silver
C2180,Patricia Le,carrillogary@yahoo.com,Matthewchester,Ohio,India,2023-04-10,Platinum
C2181,Jesse Perez,scottglass@gmail.com,Thomasport,Oregon,India,2024-01-19,Platinum
C2182,Jesse Perry,eric11@brown.com,East Michealport,Illinois,India,2023-09-23,Platinum
C2183,Jeffery Ortega,heather14@ruiz-rivera.net,New Anthony,Vermont,India,2024-09-25,Silver
C2184,Christian Leblanc,amychristensen@webb.com,Port Lawrence,Delaware,India,2023-08-07,Gold
C2185,Ronald Davis,scottbrian@gmail.com,Shelbyfurt,Vermont,India,2023-06-30,Silver
C2186,Parker Cain,marshallsierra@gmail.com,Lake Jessicafurt,Wisconsin,India,2025-07-07,Silver
C2187,Laurie Hoffman,elizabeth51@gmail.com,North Susanbury,California,India,2024-09-16,Gold
C2188,Bryan Gomez,yhall@hotmail.com,Ryanville,Illinois,India,2024-09-21,Silver
C2189,Nicole Parrish,todd98@lopez.info,New Thomashaven,Idaho,India,2024-09-22,Platinum
C2190,Tracy Burke,wrightalyssa@burns-garner.com,Stewartborough,Massachusetts,India,2023-08-08,Silver
C2191,Kenneth Lewis,michael43@hotmail.com,Rhondamouth,Wisconsin,India,2023-02-10,Gold
C2192,Courtney Rodriguez,garrettnatasha@gmail.com,Port Katrina,Iowa,India,2023-06-04,Platinum
C2193,Holly Farmer,edwardprince@hotmail.com,Jerrymouth,Hawaii,India,2024-05-04,Silver
C2194,Renee Bruce,blairabigail@salazar.com,Lake Johnchester,Montana,India,2025-01-16,Gold
C2195,Sabrina Austin,mwaller@cole-anderson.com,Christopherside,South Dakota,India,2025-05-20,Platinum
C2196,Allison Hickman,kylethornton@browning.com,West Denisebury,Pennsylvania,India,2025-05-11,Gold
C2197,Debra White,carlos81@stewart.com,Hartmanbury,Maine,India,2024-12-29,Gold
C2198,Ellen Morgan,tali@yahoo.com,New John,Rhode Island,India,2022-12-29,Silver
C2199,Sergio Knight,kimberlyrodriguez@gmail.com,Craigberg,Nebraska,India,2023-04-24,Silver
C2200,Charles Schultz,catherine93@hall.info,Lauramouth,North Carolina,India,2025-07-12,Platinum
C2201,Paul Lewis,xjoseph@christian.info,Davidchester,South Dakota,India,2023-03-26,Gold
C2202,Glen Wood,jamesjohnson@schaefer.com,Wagnerberg,Maine,India,2024-11-10,Silver
C2203,Paula Bradley,carlho@camacho-burns.com,Chenborough,Indiana,India,2023-04-23,Platinum
C2204,Anthony Moore,ronaldparsons@hotmail.com,South Alexis,Nevada,India,2022-12-24,Gold
C2205,Megan Nelson,phillip99@hotmail.com,South Joseside,Kentucky,India,2024-09-21,Gold
C2206,Karla Ramos,hayesmargaret@rich.net,Newtonberg,Minnesota,India,2024-11-15,Silver
C2207,Paul Wilson,grantzachary@hotmail.com,Port Ryanburgh,West Virginia,India,2022-12-31,Silver
C2208,Douglas Gregory,kellysanders@ayala-mitchell.com,East Zacharyhaven,Kansas,India,2025-02-05,Silver
C2209,Mr. Andrew Foster,christie08@gmail.com,Strongstad,North Dakota,India,2023-05-23,Platinum
C2210,Aimee Turner,gdavis@gmail.com,South Heidi,Alabama,India,2023-09-28,Silver
C2211,Chad Scott,phillipmorris@white.com,Lake Kelly,Tennessee,India,2025-05-10,Silver
C2212,Adam Burgess,wrightheather@hotmail.com,Phyllismouth,Utah,India,2024-06-13,Platinum
C2213,James Padilla,davisjasmin@cox.net,Lake Brandonstad,Kentucky,India,2025-05-08,Platinum
C2214,Sandra Drake,cpierce@barr.com,Lozanomouth,Maine,India,2024-03-24,Gold
C2215,Scott Williams,haroldjoseph@parker-cross.info,Robertsfort,Wisconsin,India,2023-08-26,Silver
C2216,Thomas Atkins,davidanderson@gmail.com,Lake Isaac,Hawaii,India,2023-10-22,Silver
C2217,Laura Mckinney,alexander77@aguirre.com,East Paulashire,California,India,2024-06-02,Platinum
C2218,Brian Smith,fortiz@hotmail.com,Emilymouth,Arkansas,India,2022-12-11,Silver
C2219,Robert Montgomery,nicoleramirez@grant.com,Floresburgh,California,India,2024-07-11,Platinum
C2220,Tamara Davis,benjamin09@evans.biz,Shirleyville,New York,India,2022-11-15,Platinum
C2221,Dana Chapman,emilycarr@graves.info,West Trevor,Minnesota,India,2024-01-20,Silver
C2222,Jennifer Collins,daviskevin@yahoo.com,New Zacharyhaven,Washington,India,2024-05-15,Gold
C2223,Gary Jackson,changmegan@gmail.com,Mitchellfurt,Arkansas,India,2022-10-22,Platinum
C2224,Ashley Hicks,staylor@yahoo.com,Katherineberg,South Carolina,India,2023-07-06,Silver
C2225,Hannah Luna,swarren@gmail.com,Port Sierraborough,Wisconsin,India,2025-07-19,Gold
C2226,Robin Young,duncantiffany@benitez.com,Stoneshire,Nevada,India,2024-04-12,Gold
C2227,Craig Morrison,jordan99@yahoo.com,Coryport,Colorado,India,2024-05-09,Gold
C2228,Mary Thompson,ostone@vasquez-white.org,North Keith,Utah,India,2024-08-08,Gold
C2229,Kathleen Webster,tiffany01@marshall.com,Gonzalesburgh,Wisconsin,India,2025-04-09,Silver
C2230,Joann Glass,wwilliams@hotmail.com,Sheilaview,Virginia,India,2023-08-25,Silver
C2231,Madison Weber,davidsonhannah@tyler-parker.net,East Elizabethberg,New Hampshire,India,2023-03-26,Silver
C2232,Lori Hernandez,wilsonmathew@yahoo.com,East Andreahaven,Alabama,India,2024-09-23,Silver
C2233,Jeremy Turner,jamesbass@mendoza.com,North Carmen,West Virginia,India,2025-04-22,Gold
C2234,Anthony Romero,courtneymcclain@hotmail.com,New Amandaborough,Utah,India,2024-11-09,Gold
C2235,Jesse Brown,abowers@hotmail.com,South Marissatown,Colorado,India,2024-06-02,Platinum
C2236,Angela Lin,annette58@smith.com,Jamesshire,Massachusetts,India,2025-06-09,Gold
C2237,Lisa Hunter,juanjohnson@sims-kirby.org,Dennishaven,Pennsylvania,India,2025-05-23,Gold
C2238,Julian Conner,brookehancock@yahoo.com,Port Shawn,Wyoming,India,2023-05-12,Platinum
C2239,Joanna Pacheco,nelsonchristopher@gmail.com,Lake Jasmineville,Mississippi,India,2023-09-19,Silver
C2240,Erica Alvarez,tgallegos@gmail.com,Onealfort,Vermont,India,2025-03-28,Silver
C2241,Antonio Garcia,danielglover@gmail.com,Christopherberg,Utah,India,2024-11-27,Silver
C2242,Gwendolyn Klein,zhunter@stein-moore.com,Jessicaville,Rhode Island,India,2023-11-30,Silver
C2243,Carrie Wright,kimberly21@hotmail.com,Lindabury,Utah,India,2024-10-21,Silver
C2244,Jeffrey Mills,jennystevens@hancock.com,West Ericmouth,California,India,2023-01-04,Platinum
C2245,Jake Campbell,steven01@miranda.com,Shawnhaven,Oregon,India,2024-07-13,Platinum
C2246,George Harper,james44@flores.com,Lake Haileyton,Kentucky,India,2025-03-29,Silver
C2247,Maria Jones,danny98@garcia.com,Garciahaven,Washington,India,2022-10-28,Gold
C2248,Michael Mitchell,audrey21@austin-morgan.info,Jamesside,Massachusetts,India,2024-06-19,Gold
C2249,Mary Escobar,anthonyberger@rodriguez.com,Lake Courtneybury,New Hampshire,India,2022-12-22,Gold
C2250,Felicia Aguilar,mwhite@hotmail.com,New Nicholas,Minnesota,India,2025-01-29,Platinum
C2251,Gregory Ponce,larry38@gmail.com,Lake James,West Virginia,India,2023-01-19,Gold
C2252,Jenna Larson,christopherlang@hotmail.com,Hernandezburgh,New Mexico,India,2025-09-08,Platinum
C2253,Emily Bennett,bryantgabrielle@hotmail.com,Campbellborough,Mississippi,India,2023-04-24,Silver
C2254,Robin Santiago,ohall@gmail.com,New Mercedesborough,New York,India,2025-06-02,Gold
C2255,Nancy Jennings,philip55@yahoo.com,South Carlosside,Maryland,India,2022-11-11,Gold
C2256,Maria Henderson,jonesdaniel@yahoo.com,Lake Gregory,Wisconsin,India,2024-04-06,Silver
C2257,Jack White,justinbailey@hotmail.com,Wattsfurt,New York,India,2023-11-14,Silver
C2258,Travis Tucker,sullivanjennifer@nguyen.com,Lake Michael,Massachusetts,India,2024-05-12,Gold
C2259,Chad Jones,amorales@gmail.com,West Mary,Ohio,India,2023-11-20,Gold
C2260,Ashley Wise,terrireyes@clark-benson.biz,Elizabethfort,West Virginia,India,2024-08-31,Gold
C2261,Sophia Johnson,amy32@hotmail.com,Harperside,Illinois,India,2025-06-15,Gold
C2262,Ralph Anderson,mwilson@nguyen-davis.info,Phillipsbury,Iowa,India,2024-02-22,Gold
C2263,Christopher Guerra,stephanie19@jennings.biz,Port Kathrynchester,Pennsylvania,India,2023-12-25,Platinum
C2264,Rhonda Martin,dnewman@gmail.com,Nguyenchester,Hawaii,India,2024-12-19,Gold
C2265,Jason Rhodes,paigeberger@pacheco.info,East Stevenmouth,Arizona,India,2025-04-07,Gold
C2266,Jeremy Mitchell,cgilbert@gmail.com,West Heidiberg,Vermont,India,2024-01-31,Platinum
C2267,Joann Ferguson,kevin46@haas.com,Larsenfort,Minnesota,India,2024-01-01,Silver
C2268,Robert Harrison,melissabrown@hotmail.com,Mcdanieltown,Nebraska,India,2024-09-08,Silver
C2269,Holly Valentine,warnerlori@rodriguez-campbell.com,Josephborough,New Jersey,India,2024-11-12,Silver
C2270,Mrs. Diane Reyes,zpark@flores.net,Brownmouth,New Jersey,India,2024-10-06,Platinum
C2271,Tracy Montoya,thomaslopez@bridges-ward.biz,Emilychester,Massachusetts,India,2024-05-01,Platinum
C2272,Brenda Wright,whitney22@jones.com,Lambchester,Montana,India,2025-08-14,Silver
C2273,Shelly Spencer,iproctor@gmail.com,Greenton,New Jersey,India,2025-03-13,Silver
C2274,Ryan Rosales,ydalton@munoz.net,Toddbury,New Jersey,India,2025-08-25,Silver
C2275,Phillip Nelson,ocruz@gmail.com,Daisyton,New Hampshire,India,2025-01-27,Gold
C2276,Brittany Kim,lanemelanie@gmail.com,Sethbury,Georgia,India,2025-08-04,Platinum
C2277,Courtney Hayes,khouse@yahoo.com,New Jamie,Georgia,India,2025-04-07,Gold
C2278,Alexander Brown,carrolljanet@carpenter.com,New Cherylberg,West Virginia,India,2025-03-29,Platinum
C2279,Cynthia Vang,steven18@davis.com,Lake Andrewfurt,Wisconsin,India,2025-07-02,Platinum
C2280,Alfred Galvan,bergeramanda@gmail.com,Port Janetstad,Missouri,India,2025-02-17,Gold
C2281,Marie Moody,ehunt@hotmail.com,Lake Brandonborough,Nebraska,India,2023-04-11,Silver
C2282,Dustin Gallegos,zgomez@yahoo.com,Amandaburgh,Alaska,India,2024-09-08,Platinum
C2283,Brenda Thornton,austinlivingston@hotmail.com,Heathbury,Florida,India,2024-02-15,Gold
C2284,Aaron Miller,bryan79@gmail.com,Lauriestad,Massachusetts,India,2023-01-29,Gold
C2285,Ruben Dunn,lisa90@washington-martinez.com,Robertside,Missouri,India,2025-08-19,Platinum
C2286,Kelsey Rodriguez,david44@yahoo.com,North Barry,South Dakota,India,2024-10-09,Silver
C2287,Eric Williams,munozrenee@hernandez.com,Port Shelbyville,Georgia,India,2024-02-23,Platinum
C2288,Riley Bryant,hwhite@cooper.com,Moodyton,Montana,India,2024-12-15,Platinum
C2289,Taylor Carlson,amullins@young-alexander.com,West Kevin,Mississippi,India,2024-11-21,Silver
C2290,Jose Allen,brian41@jackson.info,Lake Kelsey,Alabama,India,2025-04-24,Gold
C2291,Jeffrey Mendez,wreese@hotmail.com,North Joseph,Nevada,India,2025-05-17,Gold
C2292,Jason Beck,yvega@baker-moreno.biz,Port Kristenfurt,Texas,India,2022-12-16,Silver
C2293,William Jones,sara76@stewart.com,Port Joy,Idaho,India,2023-10-05,Gold
C2294,Katie Mcneil,pbishop@yahoo.com,Michelleland,Georgia,India,2025-05-14,Gold
C2295,Jeanette Harrison,joseph14@hotmail.com,New Jenniferchester,Pennsylvania,India,2023-10-31,Silver
C2296,Veronica King,vmejia@gmail.com,North Juliaside,Idaho,India,2023-11-05,Silver
C2297,Richard Cooper,erica25@smith.biz,North Jill,Indiana,India,2023-12-02,Gold
C2298,Lori Ingram,jenningsmichael@campbell.com,Leeport,Connecticut,India,2025-03-21,Platinum
C2299,Evelyn Williams,stephanielittle@rosario.biz,Ronaldtown,Alaska,India,2024-11-15,Gold
C2300,Robin Thompson,dominguezjon@guerrero-jones.info,Joshuaborough,Montana,India,2023-08-29,Silver
C2301,Julie Dominguez,qschwartz@yahoo.com,West Tanyashire,New Mexico,India,2024-01-09,Platinum
C2302,Robin Brown,kimberlyramirez@gmail.com,Bennettchester,Georgia,India,2024-01-26,Platinum
C2303,Judith Carter,dcook@yahoo.com,East Tammyside,Louisiana,India,2023-09-16,Platinum
C2304,Curtis Williams,scottvasquez@gmail.com,Timothyside,Michigan,India,2025-02-05,Platinum
C2305,Kaylee Hays,debbierodriguez@hotmail.com,South Andre,Illinois,India,2023-07-04,Platinum
C2306,Dawn Mullins,christinarodriguez@yahoo.com,Lunastad,Alaska,India,2024-03-04,Platinum
C2307,Howard Norman,johnsonchad@hotmail.com,South Jeffreytown,New York,India,2023-12-29,Platinum
C2308,Evelyn Martinez,fsmith@gmail.com,Wisemouth,Montana,India,2023-07-05,Silver
C2309,Steve Paul,ortegajoseph@rivera.info,Thomasville,Hawaii,India,2024-02-12,Platinum
C2310,Jasmine Beltran,upowell@gmail.com,Martinland,Maryland,India,2024-11-22,Gold
C2311,Jonathan Glass MD,cruzhannah@martinez-nichols.com,New Garyfort,Oklahoma,India,2025-07-26,Platinum
C2312,Monica Miller,richard15@hotmail.com,North Donald,Louisiana,India,2024-06-10,Platinum
C2313,Samantha Gardner,randallkathleen@yahoo.com,Millsshire,Iowa,India,2023-11-16,Platinum
C2314,Bobby Guerrero,angelaponce@lee.com,North Katrina,Illinois,India,2023-10-24,Platinum
C2315,Lance Simmons,mccluresamuel@gmail.com,Robertmouth,New York,India,2025-03-26,Platinum
C2316,Heather Williams,leejennifer@allen.com,North Marc,Rhode Island,India,2024-06-29,Silver
C2317,Heather Bolton,blevy@gmail.com,Savageview,Washington,India,2025-07-16,Gold
C2318,William Gould,morganjennifer@yahoo.com,Port Anna,New York,India,2025-06-29,Platinum
C2319,Mark Cox,lindsaycontreras@bentley-berg.net,Gardnermouth,Nevada,India,2023-06-29,Platinum
C2320,Meghan Cisneros,sandyjohnson@burns.info,West Steven,Nevada,India,2025-04-19,Silver
C2321,Lawrence Harrington,jacquelineanderson@chen.com,Robertsonland,Hawaii,India,2023-04-14,Gold
C2322,Austin Osborne,marybrown@gmail.com,South Hollyfurt,New York,India,2025-08-14,Gold
C2323,James Bradley,nlarson@brown.biz,Port Alexander,Texas,India,2023-12-12,Platinum
C2324,Meghan Rush,rnguyen@hotmail.com,East Jamesville,Arkansas,India,2023-07-02,Platinum
C2325,Phillip Berry,mary30@thompson.biz,South Tylerhaven,Minnesota,India,2025-08-12,Platinum
C2326,Jennifer Banks,angela73@williams.org,Taylorside,Connecticut,India,2025-08-10,Gold
C2327,Brian Fitzgerald,alexistucker@gmail.com,Rossport,California,India,2024-03-24,Silver
C2328,Mr. Justin Green III,saramann@eaton.info,South Wendyview,Massachusetts,India,2024-12-31,Platinum
C2329,Zachary Mitchell,douglasnelson@jenkins-hurley.org,Christinastad,Virginia,India,2025-01-15,Platinum
C2330,Katherine Martinez,jennifersalazar@burton.com,East Kelly,New Mexico,India,2024-01-21,Silver
C2331,Jodi Roach,grantjames@hotmail.com,Port Christina,Rhode Island,India,2023-07-24,Silver
C2332,Brandon Fleming,michelle88@marshall.com,Aprilview,Maine,India,2024-08-28,Platinum
C2333,Emma Reed,leelaura@hotmail.com,Fordmouth,Georgia,India,2025-03-01,Silver
C2334,Joshua Vance,qthompson@gmail.com,East Alice,Kansas,India,2024-11-25,Platinum
C2335,Michelle Ho,justin64@jensen-wu.info,Smithchester,North Dakota,India,2023-06-06,Gold
C2336,Rebecca Hicks,yangsara@moore.info,East Thomas,New York,India,2023-03-11,Gold
C2337,Curtis Taylor,jacobsonjennifer@riley.com,West Jacquelineborough,Indiana,India,2023-12-06,Silver
C2338,Allison Spencer,nguyencorey@gutierrez.com,New Stephenville,Nebraska,India,2025-05-29,Silver
C2339,Robert Arnold,bbrown@gmail.com,New Taylorburgh,New York,India,2023-09-28,Gold
C2340,Angelica Parker,xthompson@ellis.com,West Danabury,Alabama,India,2023-07-26,Gold
C2341,Dr. Kelly Hammond DVM,matthewjohnson@hotmail.com,Courtneyborough,Maryland,India,2025-03-27,Silver
C2342,William Day,derek77@jackson-cooper.com,Justinchester,South Dakota,India,2025-05-21,Gold
C2343,Michael Cooper,belindatran@miller.info,Michaelfurt,Hawaii,India,2024-02-16,Gold
C2344,Penny Bowman,rhood@blair.com,Annborough,Michigan,India,2023-06-21,Silver
C2345,Vincent Reynolds,ryan39@mcintyre.biz,New Elijahborough,South Dakota,India,2025-06-11,Platinum
C2346,Amy Martinez,esparzajessica@johnson.com,Gregoryshire,Maryland,India,2024-10-20,Silver
C2347,Christopher Morris,jallen@gmail.com,East Laurashire,Utah,India,2024-04-14,Platinum
C2348,Hannah Everett,davidphillips@hotmail.com,Riverashire,South Carolina,India,2023-09-26,Platinum
C2349,Sarah King,castillokevin@stevens.info,Tammyfort,Nevada,India,2024-05-10,Gold
C2350,Krista Martinez,morgansullivan@yahoo.com,East Aaron,South Carolina,India,2024-10-01,Gold
C2351,Joseph Shaw,daltonchad@hotmail.com,East Christopher,Delaware,India,2023-11-04,Silver
C2352,Todd Moore,phillipskaren@hotmail.com,East Fred,Rhode Island,India,2025-02-08,Silver
C2353,Michelle Jacobs,olivermatthew@robertson.com,West Christianton,Florida,India,2024-08-23,Gold
C2354,Kristy Bryan,reyessteven@diaz.net,New Lindsay,North Dakota,India,2024-12-22,Gold
C2355,Angel May,devonrogers@wilson.org,Ortegamouth,Maine,India,2024-02-22,Platinum
C2356,Marilyn Wang,lukehurst@frazier.com,Vincentville,Michigan,India,2023-04-25,Gold
C2357,Mark Jimenez,hmason@yahoo.com,New Phillip,Washington,India,2023-10-10,Silver
C2358,Donna Frye,zoliver@hotmail.com,Mccarthystad,Mississippi,India,2025-04-08,Gold
C2359,Dr. Michael Evans,patriciaellis@myers.com,Marymouth,Vermont,India,2022-12-30,Gold
C2360,Anthony Gonzales,martindaniel@crawford.net,New Meganburgh,Florida,India,2023-10-07,Gold
C2361,Mr. Lawrence Edwards,robert82@reed-wallace.com,Jenniferchester,Mississippi,India,2023-03-22,Silver
C2362,Morgan Valencia,bryanwiggins@gmail.com,Henryview,Oregon,India,2024-04-16,Gold
C2363,Bianca Wood,plane@hotmail.com,New Rachelstad,New Mexico,India,2025-01-12,Platinum
C2364,Emma Owens,swatkins@hotmail.com,North Michelle,California,India,2024-05-12,Platinum
C2365,David Davis,itorres@yahoo.com,Townsendstad,Alaska,India,2022-09-15,Silver
C2366,James Gilbert,jeremy54@hernandez.info,Lewisside,New Hampshire,India,2022-12-22,Silver
C2367,Sean Moore,jennifermitchell@franco.com,South Neil,Mississippi,India,2023-06-30,Gold
C2368,Kenneth Edwards,darylchaney@martinez.net,East Scotthaven,Nebraska,India,2023-10-10,Gold
C2369,Kathleen Robertson,tiffany25@fernandez-martin.com,North Brenda,Kansas,India,2024-10-18,Silver
C2370,Mr. Alexander Landry MD,sullivanvictor@gould.com,Clintonstad,Indiana,India,2024-08-16,Platinum
C2371,Cindy Gomez,deborah47@montes-webster.org,Wesleytown,Massachusetts,India,2025-01-12,Platinum
C2372,Johnny Khan,hmorgan@mendoza.com,Arthurview,Vermont,India,2025-03-04,Silver
C2373,Julie Herrera,moralesmary@yahoo.com,Sandersview,Iowa,India,2023-11-14,Silver
C2374,Jessica Khan,nguyencathy@gmail.com,Colleenshire,Massachusetts,India,2024-11-11,Platinum
C2375,Pamela Diaz,james18@rhodes-rosario.net,Port Jenniferfort,South Dakota,India,2025-02-07,Platinum
C2376,Kelly Lee,tracymorrison@hotmail.com,Henryfort,New Mexico,India,2024-06-24,Platinum
C2377,Angel Gordon,raymond65@watson-mitchell.com,North Mikeberg,Louisiana,India,2023-07-16,Gold
C2378,Diana Hays,fsawyer@gmail.com,Port Melissa,Oklahoma,India,2023-10-27,Platinum
C2379,Barbara Hester,slara@gmail.com,South Maryville,Michigan,India,2022-11-28,Platinum
C2380,Robert Morgan,ltaylor@hotmail.com,South Danaton,Oregon,India,2024-07-05,Silver
C2381,Nicole Gonzalez,jaredwells@hatfield.biz,Connorside,Michigan,India,2025-05-12,Platinum
C2382,Kathryn Williams,ortizrobin@thompson-murray.org,Tonyaborough,Vermont,India,2024-10-09,Platinum
C2383,Gary Wells,jacobjames@henry.org,West Marymouth,Illinois,India,2025-03-22,Gold
C2384,Larry Robertson,dhansen@gmail.com,New Jennifer,Florida,India,2023-02-24,Gold
C2385,Louis Martin,moorekevin@flowers.com,Zacharyfurt,Massachusetts,India,2024-09-19,Gold
C2386,Nancy Evans MD,traviswatts@gmail.com,Monroeton,South Dakota,India,2024-07-20,Silver
C2387,Kim Erickson,hubbardtrevor@george.org,East Mandyhaven,Oregon,India,2024-05-03,Silver
C2388,Robert Richardson,ooneill@hotmail.com,Lake Joseph,Iowa,India,2024-01-09,Gold
C2389,Veronica Silva,brooksjessica@gmail.com,South Bradley,Virginia,India,2023-03-14,Gold
C2390,Molly Watts,bonniethomas@yahoo.com,Lake William,Pennsylvania,India,2023-04-15,Platinum
C2391,John Coffey,frank45@fields-friedman.com,Lake Julie,South Carolina,India,2023-06-18,Platinum
C2392,Paula Lane,alyssa18@gmail.com,West Joshuastad,Kansas,India,2023-03-19,Platinum
C2393,Lauren Jackson,georgegary@brennan-serrano.com,West Stevenland,Kansas,India,2024-03-24,Gold
C2394,Lisa Randall,cody95@gmail.com,Davisland,New York,India,2022-12-03,Platinum
C2395,Michael Johnson,aprilwatson@jenkins-mccall.com,Lake Christopher,Oregon,India,2022-11-12,Platinum
C2396,Ashley Smith,ericwalker@pope.org,Brittanytown,New Mexico,India,2022-12-28,Gold
C2397,Christian Vaughn,estevens@fuentes.info,Port Alex,Alaska,India,2023-11-14,Platinum
C2398,Reginald Knapp,hannah27@hotmail.com,Stevenbury,Massachusetts,India,2023-02-23,Gold
C2399,Nancy Brown,jenniferjohnson@gmail.com,Maryborough,North Carolina,India,2025-01-09,Silver
C2400,Daniel Nguyen,melissathomas@parker.com,West Brian,Connecticut,India,2024-12-19,Silver
C2401,Kelly Edwards,yvazquez@jones.biz,Gregoryberg,Missouri,India,2023-10-31,Platinum
C2402,Thomas Peterson,danielmcguire@watkins.com,Robertborough,Wisconsin,India,2023-03-26,Silver
C2403,Raymond Le,elizabeth11@harris.com,Nicoleburgh,Georgia,India,2023-02-05,Silver
C2404,Melissa Bishop,thomasjulie@rush-bailey.com,Jordanmouth,South Carolina,India,2025-08-11,Gold
C2405,David Grant,garciabelinda@rice.com,Christopherstad,Massachusetts,India,2024-06-28,Gold
C2406,William Evans,rachelmedina@hotmail.com,Michaelhaven,Colorado,India,2023-07-25,Platinum
C2407,Daniel Bush,samanthayork@richardson-lawrence.info,Gallegosburgh,North Dakota,India,2022-11-11,Gold
C2408,Gregory Peck,maryzavala@lewis-perez.com,Port Brendaberg,New York,India,2025-07-01,Platinum
C2409,Denise Martinez,owensapril@yahoo.com,Lake Ryan,New Jersey,India,2025-02-06,Platinum
C2410,Jamie Baird,angela01@yahoo.com,Jaredhaven,Rhode Island,India,2022-12-12,Gold
C2411,Tina Ballard,cruzstephen@hotmail.com,Christopherborough,Washington,India,2022-09-25,Platinum
C2412,Dwayne Klein,aperez@yahoo.com,Jefferyview,Louisiana,India,2023-03-02,Silver
C2413,Jeremy Scott,melissajacobson@yahoo.com,North Zacharyburgh,California,India,2024-02-16,Silver
C2414,Dale Ryan,alexandercraig@hotmail.com,Taylorshire,New Hampshire,India,2025-05-06,Silver
C2415,Melissa Taylor,qkim@miller.org,Nathanfurt,Missouri,India,2023-11-14,Gold
C2416,Laurie Sanchez,calvinhester@gonzalez-anthony.biz,West Jacquelinestad,Wyoming,India,2023-11-25,Silver
C2417,Kiara Little,maryhardy@hubbard-miranda.org,East Robertmouth,Illinois,India,2024-07-08,Platinum
C2418,Jason Love,qkelly@hotmail.com,Deborahville,Wyoming,India,2023-09-18,Platinum
C2419,Randy Smith,jdixon@yahoo.com,West Kevin,Louisiana,India,2023-09-03,Platinum
C2420,Tanya Russell,kingtyler@dunlap.com,Paynetown,Virginia,India,2023-08-18,Gold
C2421,Sherry Woods,stantonpatrick@hotmail.com,Lambmouth,Georgia,India,2025-04-27,Silver
C2422,Victor Morris,kevinhanson@gmail.com,Simonfort,Mississippi,India,2025-04-04,Gold
C2423,Susan Davis,qharris@yahoo.com,West Jennifer,Wyoming,India,2025-02-12,Platinum
C2424,Kimberly Sharp,amy88@gmail.com,Timothyfurt,Arkansas,India,2023-10-29,Silver
C2425,Susan Thompson,hbeard@cole-farrell.info,Billybury,New Mexico,India,2025-01-15,Silver
C2426,Casey Gillespie,johnsonangela@yahoo.com,South Ronaldview,Kansas,India,2024-03-12,Silver
C2427,Jennifer Simpson DVM,tjordan@price.info,Watkinsburgh,Iowa,India,2023-09-12,Gold
C2428,Tammy Mcdowell,khart@hotmail.com,West Olivia,South Dakota,India,2023-05-03,Silver
C2429,Keith Rodriguez,lbaker@jensen-gomez.com,New Karen,Alabama,India,2022-10-15,Gold
C2430,Mrs. Virginia Daniels,johnsonbrandon@yahoo.com,Lake Mason,Massachusetts,India,2025-01-17,Silver
C2431,Todd Rosales MD,hubbardcolleen@yahoo.com,North Kyleberg,Minnesota,India,2025-03-05,Platinum
C2432,Brian Martin,wreed@bell-stanley.com,Stephenburgh,South Carolina,India,2024-01-15,Gold
C2433,David Lopez,brittany14@morgan.net,Smithberg,New Mexico,India,2023-08-17,Silver
C2434,Rachel Bradley,murraymichelle@hotmail.com,East Kevin,Oklahoma,India,2023-06-03,Gold
C2435,Casey Chase,andrew79@gmail.com,East Joelborough,Georgia,India,2024-04-27,Silver
C2436,Samantha Robertson,uhudson@hotmail.com,Davisbury,Louisiana,India,2023-07-22,Platinum
C2437,Michael Lopez,rgarcia@rogers.com,Lake Angela,Massachusetts,India,2024-12-29,Platinum
C2438,Franklin Wright,michael63@reid-dickson.com,Adamburgh,New York,India,2025-04-24,Platinum
C2439,David Molina,joseph49@ballard-weber.com,Coryside,Massachusetts,India,2022-10-07,Silver
C2440,Elizabeth Sharp,joshua98@simmons-reed.com,Halefort,Rhode Island,India,2023-05-17,Gold
C2441,Matthew Schwartz,ryan85@gmail.com,Guerrabury,Ohio,India,2023-01-29,Gold
C2442,Bryan Parker,gking@yahoo.com,South Davidberg,Illinois,India,2025-02-13,Platinum
C2443,Jonathan Jacobson,burtonzachary@ray.info,Mejiaport,Tennessee,India,2025-04-21,Platinum
C2444,Emily Wilson,umichael@hotmail.com,Carlsonside,Illinois,India,2023-11-03,Platinum
C2445,Elizabeth Mendez,michaelhernandez@francis.biz,West Tracyshire,Rhode Island,India,2024-10-04,Silver
C2446,Casey Hernandez,michelle13@yahoo.com,East Nicoleburgh,Rhode Island,India,2023-03-22,Gold
C2447,Lisa Perry,debbie49@gmail.com,West Michael,Delaware,India,2023-02-05,Silver
C2448,Kaitlin Medina,daniellee@gmail.com,New Carolfurt,Maine,India,2023-09-27,Platinum
C2449,Colleen Wright,bwashington@yahoo.com,Lake Jerryfort,Washington,India,2024-06-02,Platinum
C2450,Shelley Miller,eriktaylor@clarke-ramirez.net,North Jason,Arkansas,India,2023-08-19,Silver
C2451,Michael Miller,stuarttodd@brown.com,Davisfurt,West Virginia,India,2023-09-20,Platinum
C2452,Amy Kelley,lesterrichard@yahoo.com,South Edward,Illinois,India,2024-08-23,Gold
C2453,Laura Hernandez,uhahn@young.net,Paulfort,North Dakota,India,2025-04-13,Platinum
C2454,Joseph Wilson,tyler13@martinez.org,West Susanchester,North Carolina,India,2023-05-25,Gold
C2455,Kevin Davis,selenarobinson@gmail.com,East Raymond,Maine,India,2023-06-06,Platinum
C2456,Rhonda Chavez,taragonzales@roy-brown.net,South Lindastad,Kansas,India,2023-08-18,Silver
C2457,Joyce Brown,stewartrodney@hotmail.com,Lake Michelletown,Missouri,India,2023-11-18,Platinum
C2458,Robert Cummings,natasha25@baldwin-underwood.com,West David,Nevada,India,2023-02-23,Platinum
C2459,Robert Reese,vazquezkristina@king.com,Parkstown,Vermont,India,2022-09-14,Silver
C2460,Amber Cooper,nicholsjoel@yahoo.com,Valdezfurt,Alabama,India,2023-09-15,Platinum
C2461,Zachary Michael,browningphillip@yahoo.com,Wiseport,Maryland,India,2025-07-18,Silver
C2462,Timothy Johnson,mayerkatherine@yahoo.com,Greenville,Kentucky,India,2024-01-02,Silver
C2463,Randy Cannon,ruthwelch@sullivan.info,Shawfort,Indiana,India,2024-07-17,Gold
C2464,Maria Fisher,vhouse@hotmail.com,Meganstad,Georgia,India,2025-02-26,Platinum
C2465,Janet Kane DVM,hollowayholly@hotmail.com,Port Haroldchester,Maine,India,2025-03-29,Platinum
C2466,Michael Stanley,robert85@neal-gill.com,Bergland,Alaska,India,2024-05-02,Platinum
C2467,Martha Bailey,aarongonzalez@yahoo.com,North Matthew,Alaska,India,2024-08-03,Gold
C2468,Joshua Rice,rodriguezjohn@hotmail.com,Jamesmouth,Tennessee,India,2023-08-07,Platinum
C2469,Courtney Smith,usparks@mendoza-moss.com,Williamsport,Tennessee,India,2023-09-05,Gold
C2470,Edwin Nunez,lauren31@richardson-long.biz,North Mirandamouth,Wisconsin,India,2023-02-12,Gold
C2471,Kim Morrow,vaughansandra@salazar.info,Brendanstad,Nebraska,India,2023-01-15,Platinum
C2472,Gregory Hill,jacqueline20@williamson-burke.com,Ronaldport,Colorado,India,2024-06-05,Platinum
C2473,Molly Rodriguez,george91@higgins.info,New Josephport,Mississippi,India,2024-07-30,Silver
C2474,Jennifer Miranda,walkerjames@yahoo.com,Robertmouth,New Jersey,India,2024-07-28,Gold
C2475,Alexis Harris,breyes@gmail.com,Kennethton,Wyoming,India,2023-05-01,Gold
C2476,Andrew Harper,jessica36@ortiz.com,West Jessicaside,Georgia,India,2024-04-29,Gold
C2477,Amber Yang,joe73@yahoo.com,Wrightland,New Hampshire,India,2025-04-22,Gold
C2478,David Robinson,smithdean@yahoo.com,East Jessicafort,South Dakota,India,2024-04-22,Gold
C2479,Amy Gordon,jennifererickson@hotmail.com,Orozcostad,Missouri,India,2022-10-15,Silver
C2480,Robert Dennis,davisbrian@yahoo.com,Barkerbury,Oklahoma,India,2024-12-28,Silver
C2481,Kyle Chambers,modonnell@coffey.com,Williamsmouth,Hawaii,India,2023-11-06,Gold
C2482,Eric Thomas,william64@lambert-anderson.net,Benjaminville,Rhode Island,India,2023-07-25,Platinum
C2483,Connie Turner,jorgegordon@humphrey-anderson.com,Huntland,New Hampshire,India,2025-07-21,Platinum
C2484,Travis Hobbs,jorgeedwards@gmail.com,Saraport,Wisconsin,India,2024-10-12,Platinum
C2485,Lori Simmons,julie64@yahoo.com,Moralesburgh,Massachusetts,India,2024-07-19,Platinum
C2486,William David DDS,ryan25@hotmail.com,Jenniferland,Connecticut,India,2024-12-01,Gold
C2487,Emma Butler,angelalivingston@hotmail.com,Sanfordborough,Louisiana,India,2024-02-23,Platinum
C2488,James Webster,lopezbrian@gmail.com,Wandahaven,New Jersey,India,2024-01-23,Platinum
C2489,Samuel Turner,tgreen@graham-carney.info,Lake Lauren,Louisiana,India,2022-10-12,Gold
C2490,Renee Melendez,tkelly@washington.com,Ashleyborough,Illinois,India,2024-10-24,Platinum
C2491,Tracy Grant,clayton42@brady.org,Hillburgh,Virginia,India,2024-11-06,Platinum
C2492,David Harris,foxashley@knapp-sanchez.info,Walterton,Rhode Island,India,2025-04-23,Platinum
C2493,Tammy Boone,anthony16@garza-bean.com,Browningport,New Jersey,India,2024-05-04,Platinum
C2494,Nathaniel Lee,millermariah@castillo.com,Adamborough,Maine,India,2024-07-27,Silver
C2495,Michael Morrison,douglasstephanie@yahoo.com,Port Robertberg,Hawaii,India,2025-04-09,Silver
C2496,Chelsea Gill,michellesolis@morris-brown.com,Josephmouth,Pennsylvania,India,2023-07-26,Silver
C2497,Kristin Mendoza,rossgregory@yahoo.com,East Jeffreymouth,Florida,India,2024-04-11,Platinum
C2498,Felicia Krueger,phelpsfrank@mitchell-goodwin.com,North Cheryl,Massachusetts,India,2023-04-22,Platinum
C2499,Timothy Hayden,travis64@munoz.com,Matthewsmouth,Alaska,India,2025-09-06,Gold
C2500,Zachary Mendoza,ygriffin@adams-burke.com,Alvarezside,Delaware,India,2023-01-08,Platinum
C2501,Larry Harris,christina66@gmail.com,West Matthewstad,Arkansas,India,2025-03-31,Gold
C2502,Kristen Rowe,teresa32@rose-holland.com,Hernandezfort,Massachusetts,India,2025-08-30,Platinum
C2503,Joseph Howard,zkim@yahoo.com,New Heidi,Oklahoma,India,2025-08-06,Silver
C2504,Jose Crawford,traceysutton@yahoo.com,Scottton,New Mexico,India,2024-04-18,Platinum
C2505,William Harrison,dphillips@jones.biz,Lake Tommystad,Mississippi,India,2023-05-29,Platinum
C2506,Suzanne Wood,marshalljennifer@yahoo.com,East Juliehaven,Georgia,India,2024-05-29,Silver
C2507,Justin Walker,brenda80@gmail.com,Kevinmouth,Massachusetts,India,2023-07-28,Platinum
C2508,Dean Donovan,kristicameron@gmail.com,Craigtown,Washington,India,2023-08-14,Platinum
C2509,Jennifer Hernandez,tmcdowell@matthews-gibson.info,New Brenda,Missouri,India,2024-01-11,Platinum
C2510,James Whitaker,tammy23@gmail.com,Annettechester,Oklahoma,India,2024-03-11,Platinum
C2511,Mr. Michael Scott PhD,monica16@smith.info,Port Teresaside,Alaska,India,2024-05-31,Gold
C2512,Maria Henry,vmelton@hotmail.com,Fritzfurt,South Dakota,India,2023-11-09,Platinum
C2513,Robert Jackson,christine95@hotmail.com,South Catherine,Nevada,India,2023-10-01,Silver
C2514,Katherine Stark,christopher20@gmail.com,North Randyborough,Tennessee,India,2023-12-05,Gold
C2515,Maria Brown,hortonjacob@clark.com,New Keithburgh,Massachusetts,India,2023-09-03,Platinum
C2516,Ryan Landry,ywilkinson@lee.info,Piercestad,Montana,India,2024-04-21,Gold
C2517,Pamela Gutierrez,wilsonrachel@hotmail.com,South Rachel,Idaho,India,2025-03-30,Platinum
C2518,Crystal Mann,cruiz@hotmail.com,Luisstad,Massachusetts,India,2024-09-08,Platinum
C2519,Jonathan Brooks,kennethgallegos@williams-smith.biz,Lake Nicolemouth,South Carolina,India,2022-10-17,Platinum
C2520,Mary Jensen,mmclaughlin@hotmail.com,Perezfurt,Wisconsin,India,2025-08-11,Platinum
C2521,Mr. Aaron Arnold,freemantodd@hotmail.com,Shermanport,Arizona,India,2025-02-01,Gold
C2522,Joseph Hill,jenniferrice@yahoo.com,Mooreburgh,Tennessee,India,2023-09-24,Platinum
C2523,Alicia Li,adamsdeborah@yahoo.com,Robertsside,Maine,India,2025-06-08,Platinum
C2524,Renee Browning,pdean@west-graham.com,Kathrynburgh,Massachusetts,India,2025-08-28,Platinum
C2525,Brent Hernandez,taylorkim@hotmail.com,South Bettychester,Oregon,India,2022-12-19,Gold
C2526,Joseph Ochoa,sandra72@sharp-myers.biz,Jenkinstown,Wisconsin,India,2024-08-12,Gold
C2527,James Watson,kmarsh@hotmail.com,East Chelsea,Oregon,India,2022-10-13,Silver
C2528,Karl Branch,hannah17@thompson.org,New Ashleychester,Arizona,India,2024-05-06,Platinum
C2529,Michael Abbott,leonsherry@yahoo.com,West Chelseaburgh,North Carolina,India,2025-02-14,Silver
C2530,Shannon Malone,jasonwilliams@gmail.com,Cohenstad,Arkansas,India,2024-02-28,Silver
C2531,James Tran,michael22@hotmail.com,Lake Carolynfurt,Washington,India,2024-03-21,Gold
C2532,Adam Jackson,morgandaniel@martinez.info,Port Robin,Virginia,India,2024-04-23,Silver
C2533,Mr. Richard Knight PhD,kristen08@yahoo.com,Woodbury,Virginia,India,2022-10-11,Silver
C2534,Joseph Williams,mccarthysara@lloyd-estes.com,South Sharon,Florida,India,2024-10-11,Platinum
C2535,Sean Clay,colonbobby@jackson.com,West David,New York,India,2024-07-18,Silver
C2536,Anthony Jones,jessicaerickson@hotmail.com,North Jamiemouth,California,India,2024-08-01,Silver
C2537,Stephanie Elliott,mooremichael@gmail.com,Sanchezmouth,California,India,2024-06-29,Gold
C2538,Timothy Edwards,scottperry@sanchez.com,Port Gregory,Florida,India,2023-01-26,Silver
C2539,Laurie Goodwin,christopherwatson@yahoo.com,Porterville,Georgia,India,2024-07-20,Gold
C2540,Jennifer Jones,edwardmolina@yahoo.com,Monicaburgh,Connecticut,India,2023-10-11,Platinum
C2541,David Davenport,lauriegutierrez@villanueva-crane.net,South Jennifer,North Dakota,India,2024-03-03,Gold
C2542,Steven Rivera,ramoskayla@hotmail.com,North Kaitlynchester,Hawaii,India,2023-08-31,Silver
C2543,Brenda Hinton,morganrichard@hamilton.com,Atkinsland,Virginia,India,2023-11-02,Silver
C2544,Kathryn Mccann,levinetina@liu.net,Rosarioside,Kansas,India,2024-04-01,Platinum
C2545,Jeffrey Roberson,regina04@hotmail.com,Lake Kimberlyside,Colorado,India,2023-10-18,Gold
C2546,Randy Friedman,ngriffin@weber.com,South Timothyton,Wisconsin,India,2024-09-22,Silver
C2547,Raymond Johnson,nicolemiller@hotmail.com,Lisaton,Mississippi,India,2023-05-13,Platinum
C2548,Willie Henry,vhardy@gmail.com,Reginaldhaven,Minnesota,India,2023-05-29,Silver
C2549,Todd Reynolds,christopherarnold@hotmail.com,Pattersonville,Michigan,India,2023-08-16,Gold
C2550,Mary Miller,andrewzamora@hotmail.com,East Melanieshire,Colorado,India,2025-03-07,Gold
C2551,Rebecca Marquez,marilyntorres@yahoo.com,Lake Garychester,Nebraska,India,2025-06-07,Silver
C2552,Christian Dawson,skinnerjordan@gomez.com,Donaldbury,Michigan,India,2024-11-21,Platinum
C2553,Nancy Stewart,ashley07@yahoo.com,Clarkville,Wisconsin,India,2025-03-28,Platinum
C2554,Aaron Parker,michaelmitchell@armstrong.com,Dawnland,California,India,2024-12-12,Platinum
C2555,Derrick Anderson,zachary35@garcia-dawson.biz,Nolanfort,New York,India,2023-07-11,Platinum
C2556,Jerry Peters,brownpamela@lewis-miller.net,Port Jordan,Montana,India,2022-11-05,Silver
C2557,Alexander Gomez,lwiggins@yahoo.com,Hannahmouth,Ohio,India,2024-04-24,Platinum
C2558,Kyle Nguyen,fbarker@hotmail.com,Lyonsshire,Arkansas,India,2024-03-29,Platinum
C2559,Edgar Hughes,drewmartinez@hotmail.com,Brookeberg,North Dakota,India,2022-11-23,Platinum
C2560,Steven Stein,tammypalmer@hotmail.com,New Keith,Nebraska,India,2023-08-31,Gold
C2561,Laura Jackson,stanleyjohnson@raymond.com,West Anna,Tennessee,India,2023-01-27,Silver
C2562,Charles Turner,martinezashley@gmail.com,Kristopherburgh,Montana,India,2023-05-14,Platinum
C2563,Arthur Hamilton MD,watsonvickie@carter-johnson.com,Thomasmouth,Vermont,India,2023-01-31,Platinum
C2564,Mr. David Wright,twilliams@lewis-fuentes.info,Ericberg,Georgia,India,2025-04-23,Gold
C2565,Linda Gonzalez,kelleycarlos@butler.com,New Kelly,Oklahoma,India,2025-08-25,Platinum
C2566,Eric Rush,kimberly79@gmail.com,Scottbury,Colorado,India,2025-01-15,Platinum
C2567,Manuel Brock,qgill@hernandez-luna.com,Port Jasonport,Indiana,India,2022-11-26,Silver
C2568,George Ochoa,zhall@yahoo.com,New Alexander,New Hampshire,India,2023-10-03,Gold
C2569,Valerie Taylor,pfitzgerald@cline.com,Jenniferhaven,Hawaii,India,2023-01-11,Gold
C2570,Travis Harris,schneiderchristopher@hotmail.com,Woodsburgh,Delaware,India,2024-12-03,Gold
C2571,Vincent Novak,karenshaw@martinez.com,Dawnshire,Wisconsin,India,2023-10-11,Platinum
C2572,Michael Henry,kristin39@miller-ferguson.com,Alexandrafurt,Kentucky,India,2024-08-13,Gold
C2573,Dana Bennett,henrysarah@yahoo.com,Wonghaven,Iowa,India,2023-04-29,Platinum
C2574,Jenna Wilson,robertheath@yahoo.com,Thompsonfurt,Kansas,India,2023-12-09,Silver
C2575,Leslie Gardner,christopher18@gmail.com,Lake Staceymouth,Arkansas,India,2023-04-18,Silver
C2576,Krista Benton,iantate@gmail.com,West Jamie,Tennessee,India,2024-07-18,Platinum
C2577,Michael Gonzales,dgregory@hotmail.com,West Charlotte,Utah,India,2023-11-16,Gold
C2578,Michael Fuentes,anthonybrown@yahoo.com,Lake Jamesfort,Oklahoma,India,2023-06-25,Silver
C2579,Jennifer Porter,douglas54@david-lam.com,Hudsontown,Alaska,India,2023-08-31,Platinum
C2580,Dana Hopkins,karenwillis@romero-gordon.com,Lake James,Arkansas,India,2024-06-07,Gold
C2581,Rachel Jones,floresangela@gmail.com,South Conniemouth,Tennessee,India,2024-01-07,Silver
C2582,Karen Morales DDS,russelljesus@gmail.com,West Angelaside,Vermont,India,2023-05-26,Platinum
C2583,Melissa Stephens,sanchezangela@gmail.com,Port Brianshire,Iowa,India,2024-11-26,Platinum
C2584,Heather Woodard,ogriffin@hotmail.com,East Jonathan,New Mexico,India,2022-12-22,Platinum
C2585,Margaret Miller,nathanielgalloway@medina.net,Lake Sharon,Arizona,India,2023-09-05,Platinum
C2586,Mary Kelly,smithsteven@hotmail.com,East Hannah,Arizona,India,2023-01-31,Gold
C2587,Amanda Terrell,aaronmahoney@yahoo.com,Thompsonview,Iowa,India,2025-05-01,Platinum
C2588,Jennifer Goodwin,mary65@hotmail.com,Christopherborough,Wisconsin,India,2022-11-30,Platinum
C2589,Jessica Smith,brandon89@turner.com,East Alexandraton,Iowa,India,2025-02-15,Platinum
C2590,Jorge Stone,natalie39@bernard.com,East John,Georgia,India,2025-06-22,Platinum
C2591,Laura Griffin,qnelson@yahoo.com,Marshallside,Florida,India,2023-06-10,Silver
C2592,Raymond Chapman,stevegreene@gmail.com,West Kristyland,North Carolina,India,2023-12-01,Platinum
C2593,Haley Johnson,lynchadam@chambers.net,South Darren,Massachusetts,India,2025-01-08,Silver
C2594,Jason Nixon,ymedina@hotmail.com,South Jamesside,Massachusetts,India,2024-09-09,Gold
C2595,Todd Thomas,staffordlisa@chambers-gomez.biz,New Tony,Missouri,India,2024-06-28,Gold
C2596,Jesse Clark,xthompson@hotmail.com,New Russellville,Wisconsin,India,2023-05-28,Silver
C2597,Mr. Jeffrey Horton,fordsharon@smith-paul.com,Watersborough,South Dakota,India,2023-09-11,Platinum
C2598,Eric Patrick,christopheraustin@yahoo.com,Gayview,Texas,India,2022-10-06,Silver
C2599,Samuel Wong,tinacoffey@campbell.org,Guzmanfort,Montana,India,2023-07-10,Silver
C2600,Carly Riggs,gonzalezlori@rodriguez-ramirez.net,West William,Alaska,India,2025-04-03,Silver
C2601,Christopher Moore,andreakeller@hotmail.com,Stephanieport,North Carolina,India,2023-01-07,Platinum
C2602,Tina Hall,chapmanjulie@green.com,Michellebury,Wisconsin,India,2022-12-23,Platinum
C2603,Cody Davidson,melaniejohnson@hotmail.com,Joshuaside,Maine,India,2023-02-14,Silver
C2604,Allen Mendez,bsmith@hotmail.com,Connieville,New York,India,2023-11-01,Gold
C2605,Kevin Price,ryan64@frazier.info,South Adam,Alaska,India,2023-06-14,Silver
C2606,Christine Goodwin,stephensonjeffrey@yahoo.com,Simpsonburgh,Texas,India,2024-12-17,Gold
C2607,Amy Garcia,zstewart@gmail.com,Port Ryanport,Virginia,India,2023-03-21,Gold
C2608,Chelsea Nguyen,beardlindsey@hotmail.com,Port Scottside,Vermont,India,2024-08-28,Platinum
C2609,Dennis Huffman,prosario@martin.com,East Kimberly,Nebraska,India,2025-01-16,Gold
C2610,Margaret Harper,castillolindsey@robles.com,East Kyle,Oklahoma,India,2024-04-05,Silver
C2611,Laurie Bailey,vallen@underwood.com,Lukehaven,California,India,2023-06-14,Silver
C2612,Lisa Cervantes,oduran@riley-miller.com,Garciaport,Arizona,India,2023-05-05,Platinum
C2613,Elizabeth Mendez,sedwards@patton.info,New Emily,Illinois,India,2024-12-17,Gold
C2614,Cesar Wilson,cheryl61@byrd.com,Ericfurt,Pennsylvania,India,2023-06-27,Silver
C2615,Clayton Steele,nmorales@yahoo.com,Port Eric,Arizona,India,2023-09-26,Gold
C2616,Jennifer Taylor,chavezsteven@hobbs-harvey.com,West Sue,Indiana,India,2022-09-23,Gold
C2617,Cody Reid,lholmes@rodriguez.org,Valdezchester,Iowa,India,2024-01-28,Platinum
C2618,Maria Cooke,rebeccamartinez@scott.info,Jeremyview,Pennsylvania,India,2023-06-03,Silver
C2619,Katherine Taylor,devinwilliams@collins.net,Michaelport,New York,India,2023-11-07,Silver
C2620,Jerry Brown,brandy82@gmail.com,Dustinmouth,Alabama,India,2024-11-15,Silver
C2621,Adam Taylor,carrie45@gmail.com,Mariamouth,Minnesota,India,2022-10-12,Gold
C2622,Tracey Wagner,younglori@trevino.com,Parkershire,Vermont,India,2024-10-27,Platinum
C2623,Michael Perry PhD,petersonelizabeth@holt.org,Farmertown,Colorado,India,2024-11-01,Silver
C2624,Bradley Johnson DDS,robert21@yahoo.com,Brownchester,Pennsylvania,India,2022-12-07,Platinum
C2625,Donald Medina,arobinson@walker.com,Debbieberg,Mississippi,India,2024-05-13,Platinum
C2626,Jim Newton,lindsay63@yahoo.com,Wangtown,North Carolina,India,2023-04-07,Platinum
C2627,Krista Wilson,coxcharles@spencer.com,East Ebony,Hawaii,India,2023-05-27,Gold
C2628,Reginald Morrow,crystaldurham@yahoo.com,Kennethstad,Montana,India,2022-11-24,Gold
C2629,Rodney Williams,gonzalezjustin@mcclure.com,West Ronaldfurt,Indiana,India,2024-09-07,Platinum
C2630,Kimberly Fritz,gregorysmith@yahoo.com,Angelaborough,Georgia,India,2023-05-10,Platinum
C2631,Ronald Potter,deckerderrick@cobb.com,New Wesley,Ohio,India,2023-04-03,Gold
C2632,Zachary Cole,mikewatson@gmail.com,Danielbury,Alabama,India,2023-09-20,Silver
C2633,Robert Gonzales,wilsonnicole@gmail.com,West Jennifer,South Dakota,India,2025-04-13,Platinum
C2634,Patricia Young PhD,amandabenson@greene-rowland.com,Craneton,West Virginia,India,2024-04-02,Gold
C2635,Heather Page,melissaphillips@murphy.com,Wattsfort,South Carolina,India,2025-02-17,Platinum
C2636,Carol Taylor,fclark@gibbs-mendez.com,West Valerie,Maine,India,2023-11-17,Silver
C2637,Daniel Brown,victor72@yahoo.com,Brownton,Louisiana,India,2024-08-28,Silver
C2638,Douglas Ryan,fbaldwin@yahoo.com,Joshuastad,Oklahoma,India,2023-09-26,Platinum
C2639,Michael Roberts,ylittle@hotmail.com,Mcleanville,Mississippi,India,2024-08-16,Silver
C2640,Scott Duke,jeffreyharris@foster.biz,Taylorland,North Carolina,India,2023-06-09,Platinum
C2641,Anna Estes,selenabrooks@hotmail.com,Tiffanychester,Missouri,India,2023-02-27,Silver
C2642,Tamara Riddle,karenphillips@bell.org,Port Edward,Hawaii,India,2023-09-30,Gold
C2643,Beth Cline,bhayes@yahoo.com,Audreyside,Illinois,India,2023-05-19,Platinum
C2644,Michael Poole,ystewart@gmail.com,South Johnshire,Wisconsin,India,2025-05-31,Platinum
C2645,Megan Burns,phall@howard.com,Angelaport,Rhode Island,India,2025-04-08,Gold
C2646,Debra Perry,sara11@ward.com,East Kelseyland,Kentucky,India,2022-11-14,Silver
C2647,Mark Beard,emilywright@hotmail.com,Susanstad,Michigan,India,2022-12-23,Gold
C2648,Jose Ramirez,janicebolton@hotmail.com,Burgessborough,Illinois,India,2024-04-18,Silver
C2649,Jackie Clements,carrillojuan@yahoo.com,West Taylor,Massachusetts,India,2023-04-09,Silver
C2650,Aaron Schroeder,wunderwood@hotmail.com,Coxborough,Kentucky,India,2022-09-10,Platinum
C2651,Monica Ellis,wvaldez@grimes.com,Jonathantown,Montana,India,2023-11-30,Gold
C2652,Heather Brown,lhall@todd.com,North Dawn,Delaware,India,2024-08-25,Gold
C2653,Claudia Jordan,roymcmahon@yahoo.com,Fosterfort,Tennessee,India,2024-12-09,Gold
C2654,Derrick Clayton,jcole@brooks.com,Port Allisonhaven,Maine,India,2024-10-10,Gold
C2655,Kenneth Knight,porterdonna@yahoo.com,Allenchester,New Hampshire,India,2025-07-28,Silver
C2656,Mr. Michael Williams,robertjennings@yahoo.com,New Morganmouth,Alaska,India,2024-05-15,Platinum
C2657,Richard Stevens,brenda90@gmail.com,Campbellmouth,New Hampshire,India,2025-01-11,Platinum
C2658,Scott Alexander,ashley99@camacho.biz,Lake Charlesland,Rhode Island,India,2024-12-29,Gold
C2659,Tyler Harris,glopez@hudson-hayes.com,New Erichaven,Tennessee,India,2024-05-29,Platinum
C2660,Bonnie Santos,damontran@serrano.info,New Sandraborough,Texas,India,2024-12-03,Platinum
C2661,Timothy Hill,jamespruitt@campbell-hall.net,Port Gabriellaview,North Carolina,India,2024-09-03,Silver
C2662,Danielle Watson,hbrown@jackson.biz,Hayesberg,Wyoming,India,2025-06-11,Silver
C2663,Carol Sanders,andersonrobert@jones.com,Charlesshire,Montana,India,2024-11-25,Platinum
C2664,Michael Young,ryan72@andrews.info,Shawnchester,Indiana,India,2024-03-12,Gold
C2665,Michele Smith,adrianthomas@gmail.com,South Autumntown,Idaho,India,2025-04-07,Gold
C2666,Casey Perez,aliciakent@yahoo.com,Smithbury,Delaware,India,2025-02-23,Silver
C2667,Alexandra Dominguez,vjohnston@gmail.com,Ronaldview,Arizona,India,2024-05-31,Platinum
C2668,Virginia Henderson,treed@yahoo.com,New Emily,Missouri,India,2023-10-05,Platinum
C2669,Benjamin Reyes,robertwhite@hotmail.com,Amandaborough,Connecticut,India,2024-12-01,Platinum
C2670,Ashley Edwards,qcruz@gmail.com,Patriciashire,West Virginia,India,2024-06-04,Silver
C2671,Breanna Ayala,chale@mcclure.com,East Kendra,Indiana,India,2023-05-27,Silver
C2672,Brandi Haney,wolfejennifer@gmail.com,West Hunter,Illinois,India,2024-10-30,Platinum
C2673,Joseph Smith,jriddle@gmail.com,New Carolynton,Wisconsin,India,2024-10-25,Gold
C2674,Jessica Bowen,camposwilliam@yahoo.com,New Michael,Oregon,India,2023-03-25,Gold
C2675,Brittany Jenkins,nmartin@hotmail.com,West Monicabury,West Virginia,India,2022-11-05,Silver
C2676,Shannon Miller,ojohnson@lowe.biz,East Kevin,West Virginia,India,2023-07-28,Gold
C2677,Paul Lawrence,qjohnson@fletcher.com,Ritterbury,Maryland,India,2023-01-02,Gold
C2678,Victor Edwards,fmurray@hotmail.com,Port Michael,Vermont,India,2025-03-29,Platinum
C2679,Donald Miller,rtaylor@jackson.org,South David,Utah,India,2024-04-02,Platinum
C2680,Lindsay Lawson,kellynichols@jackson-powers.com,Johnsonborough,Indiana,India,2023-12-17,Gold
C2681,Melissa Abbott,scottthompson@hotmail.com,Williamsmouth,Pennsylvania,India,2023-03-08,Silver
C2682,Elizabeth Holmes,scottwilliams@cain.com,Gonzalezfurt,Maryland,India,2025-04-05,Platinum
C2683,Nicole Phillips,scott90@gmail.com,North Tanyahaven,Mississippi,India,2024-06-11,Gold
C2684,Steven Blevins,sarahbrooks@gmail.com,East Katherineville,New Jersey,India,2024-04-26,Platinum
C2685,Brian Porter MD,smithanthony@rogers.com,Yangstad,Arkansas,India,2024-04-16,Platinum
C2686,Vanessa Hatfield,roblesmaria@ramsey.biz,Robertborough,Tennessee,India,2023-12-19,Gold
C2687,Bonnie Valencia,marcus39@villa.biz,Port Williamfort,South Dakota,India,2024-04-12,Gold
C2688,Holly Vega,jasonkelly@smith.com,Williammouth,Iowa,India,2022-10-17,Silver
C2689,Tiffany Townsend,olewis@barrett.org,North Normanchester,Oregon,India,2024-01-11,Gold
C2690,Austin Baker,jonesjeffery@yahoo.com,Nixonville,Kentucky,India,2024-10-05,Platinum
C2691,Antonio Mccormick,marquezkylie@hotmail.com,Michaelport,Indiana,India,2023-07-15,Silver
C2692,Lori Mason,susan95@horton.com,South Sonyaport,North Carolina,India,2022-10-04,Gold
C2693,Michael Miller,cynthiahenson@yahoo.com,Lake Christopher,Alaska,India,2023-08-10,Platinum
C2694,Lisa Ramirez,rogerscharlotte@hotmail.com,Liutown,Maryland,India,2024-07-17,Silver
C2695,Jorge Harris,vdixon@gmail.com,Jessicamouth,Alabama,India,2025-05-28,Silver
C2696,Kimberly Myers,andrewblake@parker.biz,East Melanieburgh,Indiana,India,2023-04-26,Silver
C2697,Sandra Becker,brownnicholas@harris-bennett.com,East Aprilberg,Idaho,India,2024-08-08,Platinum
C2698,Michael Blair,vstevenson@ramirez.com,Farmerton,Michigan,India,2025-03-15,Platinum
C2699,Amy Miller,karen35@yahoo.com,Port Jodi,Indiana,India,2023-04-15,Silver
C2700,Jesse Lynch,amberknox@mcneil.com,Nathanchester,New York,India,2025-06-14,Platinum
C2701,Patrick Yang,isaiah01@yahoo.com,South Gerald,Washington,India,2023-12-23,Silver
C2702,Michael Miles,brettbraun@martinez.org,Lake Lisa,Missouri,India,2024-05-17,Silver
C2703,Troy Mills,williamsimmons@collins-griffith.com,West Natasha,Washington,India,2023-09-24,Platinum
C2704,Michelle Jackson,catherineturner@hotmail.com,Port Franciscofort,Massachusetts,India,2023-04-19,Platinum
C2705,Richard Adams,josephharrington@gmail.com,West Richard,New Jersey,India,2022-10-05,Silver
C2706,Patricia Johnson,egray@yahoo.com,Reginaview,Montana,India,2023-08-28,Platinum
C2707,Denise Brown,ywolf@yahoo.com,Anthonytown,Rhode Island,India,2024-07-23,Gold
C2708,Laura Jones,fsimmons@larson-hernandez.com,Anthonyfort,Wisconsin,India,2023-10-07,Silver
C2709,Ian Porter,dford@yahoo.com,Lake Monicachester,Hawaii,India,2024-10-05,Silver
C2710,Holly Scott,ijones@hotmail.com,New Nicholashaven,New York,India,2024-05-22,Platinum
C2711,Kenneth Sharp,ericlopez@gmail.com,East Craig,New Mexico,India,2024-09-03,Platinum
C2712,Jordan Williams,asullivan@yahoo.com,Phyllisland,Oklahoma,India,2024-09-01,Platinum
C2713,Dana Ruiz,pburns@hotmail.com,Mcneilville,Rhode Island,India,2024-04-09,Gold
C2714,Chris Velazquez,hdyer@frederick-martin.biz,Marshallchester,Maine,India,2023-07-24,Platinum
C2715,Kristen Sloan,william75@hotmail.com,Taylortown,Texas,India,2024-08-29,Silver
C2716,Jennifer Morris,vhouse@allen.com,Thomasview,Kansas,India,2023-03-31,Platinum
C2717,Nathan Nelson,josegibson@hernandez.com,West Diana,California,India,2024-06-16,Platinum
C2718,Jake Shaw,wisedawn@sanders-willis.com,Summerville,South Carolina,India,2022-11-28,Silver
C2719,Cassie Brock,bmartin@holt-mason.net,Vasquezshire,Connecticut,India,2023-09-26,Silver
C2720,Dr. Andrea Marshall,jessica11@hotmail.com,East Jeffrey,Alabama,India,2023-04-24,Gold
C2721,Ryan Murphy,josephclark@hotmail.com,Port Sheri,Alaska,India,2025-05-31,Platinum
C2722,Aimee Gonzalez,adam27@gmail.com,Lake Christopher,South Carolina,India,2023-02-14,Gold
C2723,Elizabeth Dean,ayalarobert@pena-quinn.com,Lake Richardville,Arkansas,India,2023-12-12,Silver
C2724,Kevin Snyder,jacob23@white-fry.info,East John,Alabama,India,2024-04-13,Silver
C2725,Christie Mccullough,jamesbrady@green.info,Markmouth,Louisiana,India,2022-12-01,Silver
C2726,Danielle Smith,christophermiller@hill.com,Kathleenberg,Alabama,India,2024-03-07,Silver
C2727,David Reed,wwashington@smith.com,Robertberg,Maryland,India,2024-09-01,Silver
C2728,Sherry Tapia,clarklatoya@morrison-hatfield.com,Lake Rebeccafurt,New Hampshire,India,2024-05-02,Gold
C2729,Matthew Sweeney,msherman@yahoo.com,Port Jamesburgh,Missouri,India,2025-06-21,Platinum
C2730,Ashley Moreno,evelyn55@gmail.com,East Cynthiabury,Washington,India,2024-07-14,Silver
C2731,Johnathan Brown,dgray@yahoo.com,South Marcus,Oregon,India,2023-01-09,Platinum
C2732,Michelle Davis DVM,smithmonica@yahoo.com,Webbstad,Hawaii,India,2025-03-27,Silver
C2733,Kelly Haynes,guzmanmisty@tapia-walton.com,Lake Molly,Connecticut,India,2023-12-10,Gold
C2734,William Miller,qmontgomery@yahoo.com,Hayesborough,Arkansas,India,2024-03-14,Gold
C2735,Casey Wilkins,aaronlittle@yahoo.com,Howellside,Mississippi,India,2024-11-14,Gold
C2736,Keith Graham,morgan57@lawson.org,Wilsonview,Indiana,India,2025-01-13,Gold
C2737,Cynthia Green,ronnie71@cruz.net,Matthewburgh,Tennessee,India,2024-09-20,Platinum
C2738,Robert Haynes,tylermiller@davies.info,Matthewfort,Illinois,India,2022-11-11,Gold
C2739,Emily Nelson,pbates@lewis.com,Alvaradomouth,Nevada,India,2024-09-23,Gold
C2740,Dale Chan,bholder@hickman.biz,Bryanstad,West Virginia,India,2022-12-24,Gold
C2741,Brittney Martin,jenniferwade@hotmail.com,Mayside,Mississippi,India,2024-03-10,Silver
C2742,Jason Herrera,sandraschultz@davis-holt.com,North Jeremy,California,India,2024-02-06,Gold
C2743,Christine Parker,nicholas68@stokes-walker.com,Greerville,Louisiana,India,2023-07-07,Platinum
C2744,Bryan Moore,rodriguezmatthew@hotmail.com,Davidstad,Nebraska,India,2024-01-05,Silver
C2745,Samantha Terry,berrydavid@finley-ray.com,Shaunside,Tennessee,India,2024-11-05,Platinum
C2746,Russell Murphy,lawrencejames@yahoo.com,Port Teresaburgh,Alaska,India,2023-05-25,Silver
C2747,David Kelly,kelsey28@hotmail.com,Wilkinshaven,Maryland,India,2022-09-27,Platinum
C2748,Megan Green,fosteramanda@stewart-cabrera.com,East Mary,Wyoming,India,2023-02-14,Platinum
C2749,Amanda Sullivan MD,jfrazier@campbell.com,Port Alvin,Arizona,India,2023-04-24,Platinum
C2750,Danielle Murray,wayne14@hotmail.com,Aliciaberg,Delaware,India,2025-01-29,Silver
C2751,Brenda Smith,troypadilla@yahoo.com,Port Amandaside,Maryland,India,2023-11-02,Platinum
C2752,Vickie Anderson,eric33@fitzgerald.info,Lake Stacey,Georgia,India,2022-12-12,Platinum
C2753,Jacqueline Mccoy,tracey20@hotmail.com,West Erik,Kentucky,India,2022-10-18,Silver
C2754,Lauren Green,roberto75@yahoo.com,Lake Cynthia,New Jersey,India,2024-11-09,Platinum
C2755,Alison Brown,rosejustin@hotmail.com,Port Sarah,Indiana,India,2023-08-15,Silver
C2756,Jill Anderson,udavis@glenn.com,New Sheri,Delaware,India,2025-05-16,Gold
C2757,Sandra Rivera,barbararamos@yahoo.com,Garrisonview,South Dakota,India,2024-11-27,Platinum
C2758,Joel Jackson,jasonbrock@gmail.com,South Kennethhaven,West Virginia,India,2024-04-08,Silver
C2759,Samantha Foster,jessica91@floyd.biz,Englishmouth,Utah,India,2022-10-17,Gold
C2760,Michael Thompson,davisterri@landry.net,Derekport,Alaska,India,2024-08-06,Platinum
C2761,Cody Ramirez,obooker@hotmail.com,North Johnside,New Mexico,India,2024-05-28,Gold
C2762,Amanda Harvey,austinallen@yahoo.com,Jasonland,Idaho,India,2024-02-10,Platinum
C2763,Edward Jenkins,denisebennett@hotmail.com,Port Robertberg,Alabama,India,2025-04-19,Silver
C2764,Amy Ramirez,phancock@hill-delgado.com,Carsonbury,Delaware,India,2024-08-25,Gold
C2765,Curtis Wilkerson,wilsondavid@barnett.org,Hartmanchester,Colorado,India,2024-03-01,Gold
C2766,Lydia Pham,heather19@gmail.com,Vargasbury,Washington,India,2025-05-02,Gold
C2767,Virginia Casey,scooke@yahoo.com,Chadview,Kansas,India,2024-01-30,Gold
C2768,Joshua Washington,corybrown@hotmail.com,South David,New Jersey,India,2023-11-26,Platinum
C2769,Kathryn Price,bhess@hawkins-herrera.net,East Scott,Pennsylvania,India,2024-04-03,Silver
C2770,Francis Robinson,stonebrenda@hotmail.com,Kathleentown,Vermont,India,2022-11-28,Gold
C2771,Paula Brown,tammymerritt@atkins.com,New Larryville,Oklahoma,India,2024-11-21,Silver
C2772,Kendra Wang DVM,hmcbride@anderson.com,Hallmouth,Louisiana,India,2025-03-07,Platinum
C2773,Ariel Sandoval,melissa01@hunter.net,Lynnside,Louisiana,India,2023-03-20,Silver
C2774,Robert Stark,qrowland@wright.net,Hernandezmouth,Alaska,India,2024-07-22,Silver
C2775,Zachary Robinson,ftaylor@hotmail.com,Stefanieton,Vermont,India,2024-10-06,Platinum
C2776,Rebecca Kelly,catherine83@hotmail.com,Masseyview,Oregon,India,2024-07-14,Gold
C2777,Sarah Thompson,youngjacob@chase-lewis.com,Lake Stevenshire,New Mexico,India,2024-11-16,Platinum
C2778,Renee Wolfe,joshua96@pierce.biz,Lake Heather,California,India,2022-11-05,Gold
C2779,Alyssa Haynes,qbryant@coleman.com,Blakebury,Washington,India,2025-07-11,Platinum
C2780,Kristy Hart,jenniferelliott@hotmail.com,North Whitneystad,Vermont,India,2025-01-08,Silver
C2781,William Keith,uunderwood@gray-maynard.com,Port Melissa,Georgia,India,2025-02-05,Gold
C2782,Eric Henry Jr.,david18@jones-bowman.com,Copelandchester,Indiana,India,2024-11-03,Platinum
C2783,Daniel Fox,dustin34@gmail.com,Brownville,California,India,2022-12-23,Platinum
C2784,Thomas Harris,opetty@lynn-patton.com,Meganview,Montana,India,2023-05-06,Platinum
C2785,Mitchell Sellers,brianna71@bailey.com,Daniellemouth,Utah,India,2024-04-19,Gold
C2786,Erica Johnson,jacksonstacey@white-shaffer.net,Estradaview,Missouri,India,2024-02-04,Silver
C2787,Sylvia Schroeder,qvargas@gmail.com,Christopherville,Alaska,India,2025-07-02,Platinum
C2788,Shannon Yu,douglasbradley@brown-swanson.com,Sanchezfort,Arizona,India,2024-07-24,Platinum
C2789,Tom Foster,lmann@andersen-lindsey.net,New Ryan,New York,India,2025-05-23,Silver
C2790,Eric Taylor,stephanie83@yahoo.com,Daltonfort,Nevada,India,2023-10-29,Silver
C2791,Travis Conner,richard51@miller.com,Obrienfurt,New Jersey,India,2023-04-21,Silver
C2792,Marie Thompson,paulangela@stokes-smith.biz,New Danielville,Nebraska,India,2023-04-18,Silver
C2793,Melissa Mcfarland,rjimenez@barron.org,North Tammybury,Idaho,India,2023-07-11,Platinum
C2794,Courtney Chapman,kleinjacqueline@reed.net,Bettychester,Alabama,India,2023-02-01,Platinum
C2795,Eric Barker,roconnell@mckee.com,Higginston,Oregon,India,2025-04-25,Gold
C2796,Nicholas Rush,hendersonnicholas@yahoo.com,Deborahmouth,Arizona,India,2024-04-28,Platinum
C2797,Jenna Gamble,robin38@roberts.com,Berryhaven,Texas,India,2023-11-12,Platinum
C2798,Amanda Guzman,aaronwelch@yahoo.com,South Lisachester,California,India,2024-05-14,Silver
C2799,Tracy Walker,sarah80@stafford-charles.com,East Ashleytown,Wyoming,India,2023-08-18,Gold
C2800,Taylor Taylor,gilbertmark@yahoo.com,Coreychester,Louisiana,India,2022-11-14,Silver
C2801,Cynthia Haas,baileyjennifer@gomez-garcia.info,Lake Stephenview,Virginia,India,2022-11-17,Platinum
C2802,Stephen Davis,ricerachel@martinez-freeman.com,Lorettastad,Maine,India,2023-12-24,Platinum
C2803,Margaret Tanner,thomasbrooks@yahoo.com,Teresabury,Washington,India,2022-09-28,Platinum
C2804,Derek Wright,amandaadams@yahoo.com,Seanton,New Mexico,India,2023-04-04,Gold
C2805,David Rodriguez,donaldburgess@gmail.com,Stephenview,Illinois,India,2023-07-09,Silver
C2806,James Oconnor,danielmitchell@gmail.com,East Angela,Louisiana,India,2024-06-20,Gold
C2807,Stacey Snyder,cmanning@gmail.com,Joystad,Alaska,India,2025-02-10,Platinum
C2808,Joshua Garcia,rmoyer@fisher.info,Port Vincent,Texas,India,2023-07-07,Platinum
C2809,Sean Curtis,karen68@mclean.com,West Michaelside,Louisiana,India,2024-06-19,Silver
C2810,Carla Jones,martinezmaurice@saunders.com,West Maria,Illinois,India,2023-05-03,Silver
C2811,Elizabeth Flores,vbray@gmail.com,Lake Christopherfurt,Kansas,India,2024-07-04,Silver
C2812,Angela Jackson,froberts@gmail.com,Christyburgh,Vermont,India,2025-01-06,Silver
C2813,Nicholas Payne,christinadaniel@gmail.com,Harrisfort,New Hampshire,India,2025-02-08,Platinum
C2814,Anna Wheeler,katie43@hoover.com,Matthewmouth,Alabama,India,2023-10-11,Gold
C2815,Karen Johnson,victoriagarza@hernandez.com,Kariburgh,Tennessee,India,2023-08-03,Silver
C2816,Carmen Preston,ronaldjensen@lin.biz,Allenborough,Arizona,India,2022-09-10,Silver
C2817,Brian Harris,jeffreysimmons@gmail.com,Reginaside,Oregon,India,2022-12-21,Silver
C2818,Michael Bowen,torresjoseph@yahoo.com,Katherineside,Nevada,India,2023-05-21,Platinum
C2819,Deborah Campbell,dwright@gmail.com,South Christine,Oklahoma,India,2022-11-07,Platinum
C2820,Anthony Armstrong,williamsjulie@mitchell.org,East Clarencefurt,Vermont,India,2023-10-27,Silver
C2821,Brittany Ward,flopez@cook-rodriguez.com,Dustinmouth,New York,India,2024-09-28,Platinum
C2822,Edward Stanley,michael59@jacobs.org,Randyfurt,Iowa,India,2022-12-21,Gold
C2823,Christina Johnson,eatondavid@hotmail.com,Port Stephanieport,Virginia,India,2023-08-16,Platinum
C2824,Edgar Miller,willisrhonda@roth.com,West Yvonnemouth,West Virginia,India,2024-09-06,Platinum
C2825,Elizabeth Sanders,kevin73@le.net,East Amyview,Arkansas,India,2023-05-25,Silver
C2826,Matthew Davis MD,patricia71@yahoo.com,South Jeffreybury,Maine,India,2025-07-20,Gold
C2827,Stephen Wood,gbarnes@jackson.com,East Scott,Mississippi,India,2024-10-15,Platinum
C2828,Dennis Marshall,sosabruce@hotmail.com,East Alexander,Colorado,India,2023-03-06,Silver
C2829,Derrick Brown,isimpson@mata.biz,North Meredith,Rhode Island,India,2023-01-12,Gold
C2830,Mary Miller,nlawson@gmail.com,Masseychester,Mississippi,India,2025-07-15,Silver
C2831,Joshua Arellano,ashleyvargas@suarez.info,South Jacob,New Jersey,India,2024-08-23,Silver
C2832,Kristen Randall,melissa44@hotmail.com,Burtonfurt,New Mexico,India,2024-02-24,Platinum
C2833,Jennifer Nichols,jeffreyferguson@williams-hernandez.com,Jasminestad,Ohio,India,2025-04-25,Platinum
C2834,Karen Keith,morgan03@nichols.com,Ryanstad,Hawaii,India,2024-04-10,Gold
C2835,Blake Orr,christopher84@hotmail.com,West Amber,Mississippi,India,2024-09-07,Gold
C2836,Kathryn Lester,svillanueva@galloway-garrett.com,Lake Dennisbury,Texas,India,2023-10-15,Gold
C2837,Megan Oliver,jessicaramirez@yahoo.com,North Tina,Mississippi,India,2025-02-22,Silver
C2838,Peter Thompson,sharphailey@scott.com,Nicholsville,Washington,India,2025-01-24,Platinum
C2839,Dr. Rhonda Martinez,markharris@hotmail.com,Lake Michael,Oklahoma,India,2025-01-08,Platinum
C2840,William Graham,seanblair@yahoo.com,South Joseph,Ohio,India,2024-02-05,Silver
C2841,Lori Flowers MD,racheldavis@gmail.com,South Christinefort,Georgia,India,2025-05-18,Silver
C2842,Suzanne Jones,lisathompson@hotmail.com,Brownburgh,Massachusetts,India,2025-07-08,Gold
C2843,James Nguyen,deborahsmith@gmail.com,New Shaneton,West Virginia,India,2024-01-30,Platinum
C2844,Jimmy Marks,mmcdaniel@thomas.com,Thomasberg,South Dakota,India,2024-12-06,Silver
C2845,Lisa Mills,hgarcia@gmail.com,Lake Michaelview,Minnesota,India,2023-05-09,Silver
C2846,Jason Hernandez,grayandrew@hines.com,Staceytown,Nebraska,India,2025-07-13,Gold
C2847,Olivia Ayers,kaylaadams@greene.com,Jordanberg,Idaho,India,2025-08-04,Gold
C2848,Kristine Garcia,harristimothy@hotmail.com,Lewismouth,Pennsylvania,India,2025-03-14,Gold
C2849,Joseph Cooper,kylemendoza@gmail.com,Amandaport,Montana,India,2024-11-25,Gold
C2850,James Washington,courtney10@garcia.com,Jessehaven,Mississippi,India,2025-08-05,Platinum
C2851,Amanda Hill,aaronwalker@gmail.com,Thomasside,New Jersey,India,2023-11-17,Platinum
C2852,Lee Steele,phernandez@yahoo.com,Michelleton,Minnesota,India,2025-03-20,Gold
C2853,Steve Rivera,tmcdaniel@vasquez.com,Brianaland,Wyoming,India,2023-09-26,Platinum
C2854,Patrick Mccall,michael95@ward.com,New Robertburgh,Maine,India,2023-08-27,Platinum
C2855,Alicia Roth,royrogers@shelton.com,East Tina,Georgia,India,2022-10-14,Silver
C2856,Douglas Vasquez,nancy47@hotmail.com,Port Howard,Utah,India,2024-07-14,Platinum
C2857,Annette Melton,lisa10@gmail.com,Chandlermouth,Wisconsin,India,2024-09-29,Platinum
C2858,William Ramos,dylan77@wilson.com,North Sophiashire,New York,India,2023-11-06,Gold
C2859,Debra Butler,morrisdavid@gomez-snyder.info,Ballardfurt,Utah,India,2024-02-01,Gold
C2860,Chelsea Lewis,devon36@yahoo.com,Taylormouth,Ohio,India,2024-11-08,Gold
C2861,Natalie Malone,opatel@yahoo.com,North Larry,Nebraska,India,2023-12-20,Silver
C2862,Samantha Robertson,xrose@shepherd.com,Lake Russell,Mississippi,India,2024-10-23,Silver
C2863,Eric Hunter,victoriasmith@wells.com,Victorburgh,Nevada,India,2024-05-30,Gold
C2864,Samuel Suarez,kenneththomas@hotmail.com,Richardbury,Colorado,India,2022-11-28,Silver
C2865,Corey Whitaker,jasonwalker@hotmail.com,Valerieland,Rhode Island,India,2025-03-17,Silver
C2866,Danielle Bryant,haydenjane@quinn-horton.biz,Shannonville,Kentucky,India,2023-12-20,Platinum
C2867,Michele Hill,mileselizabeth@gmail.com,Andrewton,Florida,India,2023-10-15,Platinum
C2868,Kathy Reid,anthonydiaz@gmail.com,Lake Nathanielburgh,Michigan,India,2023-02-22,Platinum
C2869,Andre Watson,smithmariah@hernandez-white.com,New Alexandermouth,Minnesota,India,2023-04-27,Gold
C2870,Cassandra Harrell,vjenkins@yahoo.com,Torresshire,Tennessee,India,2025-01-19,Gold
C2871,Hannah Martin,daniel00@potter.biz,Micheleburgh,New Jersey,India,2023-08-23,Gold
C2872,Nicole Barker,samantha84@hotmail.com,Lake Christine,New Hampshire,India,2023-08-16,Silver
C2873,James Martin,rhuynh@boyd.com,New Jeffery,Wisconsin,India,2023-10-01,Platinum
C2874,Traci Vincent,robinsonisaiah@hotmail.com,Collinberg,Ohio,India,2024-08-31,Platinum
C2875,Megan Adams,pwoods@sullivan.com,Audreymouth,Utah,India,2023-05-06,Gold
C2876,Alejandro Deleon,josephgarcia@yahoo.com,New Eduardo,Hawaii,India,2023-02-10,Gold
C2877,Alexa Buck,allenfrancisco@gmail.com,Johnsonton,Arizona,India,2025-08-28,Gold
C2878,Lindsay Smith,carlaavila@lopez-harris.com,Port Sarahport,Michigan,India,2024-12-30,Gold
C2879,Robert Torres,christopher99@elliott.com,West Feliciashire,North Carolina,India,2024-11-03,Gold
C2880,Maria Coleman,christopher40@walton-benjamin.net,North Tyler,South Dakota,India,2024-03-26,Gold
C2881,Gregory King,karen52@leonard.net,New Samantha,Georgia,India,2024-06-12,Gold
C2882,Michael Holloway,andrewflynn@willis-christian.com,Mcfarlandside,Rhode Island,India,2024-05-23,Platinum
C2883,Brian Hunt,faithmiller@davis.com,Bowersville,Michigan,India,2024-06-22,Silver
C2884,Sarah Brooks,seth25@ward-chase.biz,West Johnberg,Ohio,India,2025-02-06,Silver
C2885,Lisa Evans,nallen@jones.info,Port Travis,South Dakota,India,2024-02-06,Platinum
C2886,Arthur Mcneil,thomasmonica@dillon.info,Williamston,West Virginia,India,2023-12-18,Platinum
C2887,Shannon Green,sedwards@jones.com,Cochranshire,Hawaii,India,2023-01-14,Silver
C2888,Stephanie Evans,jonesjennifer@yahoo.com,Port Aprilmouth,Oregon,India,2023-09-21,Gold
C2889,Ralph Yoder,wgood@yahoo.com,Shermanborough,Florida,India,2023-05-20,Silver
C2890,Rebekah Greene,bonillatracy@trevino-morales.org,Lukemouth,Indiana,India,2025-05-04,Platinum
C2891,Melanie Griffith,nrichardson@brooks-fleming.net,West Sheryl,Vermont,India,2024-09-26,Silver
C2892,Yolanda Green,natalie09@hotmail.com,Powellfurt,Montana,India,2025-07-05,Gold
C2893,James Johnson,hollycastro@farrell.biz,South Andrewville,Colorado,India,2022-12-22,Platinum
C2894,Laura Lee,onash@sawyer-caldwell.com,Annafurt,Nebraska,India,2024-01-10,Platinum
C2895,Courtney Nichols,dday@gmail.com,Tylerport,Delaware,India,2022-12-07,Silver
C2896,Susan Powers,jessicalowery@tate-gonzalez.com,New Marieborough,North Carolina,India,2024-07-17,Platinum
C2897,Sarah Pittman,matthew97@park.com,West Patriciashire,Ohio,India,2024-06-01,Silver
C2898,Catherine Davis,jjohnson@yahoo.com,Lake Lee,Arizona,India,2024-07-12,Silver
C2899,David Stokes,lukejohnson@schroeder.biz,New Anthonyport,North Dakota,India,2023-05-07,Platinum
C2900,Catherine Frazier,brianparrish@hotmail.com,Lopezside,Connecticut,India,2024-06-14,Platinum
C2901,Brandon Kelly,johnny21@gmail.com,Port Marciachester,Oregon,India,2024-09-14,Silver
C2902,Elizabeth French,richard47@warren-caldwell.com,New Nathan,Alabama,India,2022-10-27,Platinum
C2903,David Carter,davisrachel@richmond-phillips.com,East Coreyburgh,Kentucky,India,2024-02-10,Platinum
C2904,Julie Delacruz,iolson@hotmail.com,Lake Luke,Oklahoma,India,2024-04-07,Gold
C2905,Terry Jones,sgomez@price.org,South Jamie,Texas,India,2023-03-12,Platinum
C2906,Kathryn Dillon,sharpbeth@morris.com,North Sandraborough,Hawaii,India,2024-01-01,Silver
C2907,Edwin Brown,peggypeck@lin-wilson.biz,West Adambury,West Virginia,India,2023-09-11,Silver
C2908,Brenda Gonzalez,mcneilsherry@gmail.com,Traceyfurt,Iowa,India,2024-10-04,Platinum
C2909,Keith Knox,johnsonjulie@gmail.com,West Samantha,Utah,India,2024-10-13,Gold
C2910,Eugene Baldwin,carolynrobinson@gmail.com,Williamsberg,Virginia,India,2024-05-17,Platinum
C2911,Katherine Welch,woodmichael@mosley-shaw.com,New Elizabeth,Michigan,India,2025-03-12,Platinum
C2912,Mark Smith,wgutierrez@yahoo.com,Beckerport,New York,India,2023-08-08,Gold
C2913,Philip Jackson,daniel27@yahoo.com,Lake Jill,Delaware,India,2024-05-31,Platinum
C2914,Katherine Gallagher,angelamartin@yahoo.com,Roberttown,Massachusetts,India,2024-07-09,Silver
C2915,Lucas Schultz,megan64@hotmail.com,Colonfurt,Washington,India,2023-09-10,Gold
C2916,Vincent Reyes,shafferdale@smith.org,Meganborough,Mississippi,India,2023-11-29,Gold
C2917,Curtis Watson,zgordon@contreras.com,Kingtown,Oklahoma,India,2023-09-22,Silver
C2918,Frank Whitaker,harnold@gates.com,Williamsmouth,Montana,India,2025-04-15,Platinum
C2919,Michael Sims,podonnell@hotmail.com,Lake Hannah,North Dakota,India,2023-05-24,Platinum
C2920,Michael Cooper,ayerskimberly@hotmail.com,Lake Dannyburgh,Texas,India,2024-02-14,Gold
C2921,James Chapman,nichole44@yahoo.com,Jonesside,Montana,India,2023-05-15,Silver
C2922,Rodney Evans,mcculloughrobert@johnson.net,Garyview,Iowa,India,2025-03-26,Gold
C2923,Nicholas Carlson,george96@gmail.com,Mitchellport,Oregon,India,2024-01-31,Platinum
C2924,Stephen Cowan,christinalong@gmail.com,Melissaview,Minnesota,India,2025-03-19,Platinum
C2925,Steven Howard,sheilamyers@hotmail.com,Port Davidborough,West Virginia,India,2024-04-17,Silver
C2926,Travis Hull,hstrong@kim.com,New Meghanborough,Nebraska,India,2023-01-16,Gold
C2927,Darryl Acosta,ocameron@hood-moore.com,New Wendy,Vermont,India,2023-02-13,Gold
C2928,Nicholas Lawrence,davissamuel@carrillo.net,Mendozaville,Wisconsin,India,2023-01-15,Platinum
C2929,Jacob Santos,ujohnson@lucero.com,North Marissa,Connecticut,India,2023-01-15,Silver
C2930,Shawn Scott,denisewalker@nichols.biz,North Kathryn,Iowa,India,2022-09-23,Platinum
C2931,Amber Vang,hillsavannah@hotmail.com,East Ryanstad,South Dakota,India,2023-05-01,Silver
C2932,Martha Smith,rodriguezsara@rodriguez.com,Rodgersmouth,Tennessee,India,2024-12-27,Platinum
C2933,Jennifer James,jonesmegan@myers.com,Lake Sarahborough,New Jersey,India,2024-07-06,Platinum
C2934,Kara Hernandez,tuckerconnie@gmail.com,Lake Louis,Georgia,India,2024-10-14,Silver
C2935,Lorraine Turner,opreston@yahoo.com,East Matthewview,Vermont,India,2023-01-31,Platinum
C2936,Mary Nelson,kentberger@bradley.com,West Steven,Wisconsin,India,2025-08-28,Silver
C2937,Breanna Rivas,mcooley@hotmail.com,South Normanport,Illinois,India,2025-06-12,Gold
C2938,Nathan Wilson,aimeescott@lee.net,East Jackborough,Virginia,India,2023-05-03,Silver
C2939,Brian Gonzalez,javierdiaz@johnson.com,Dianemouth,Alabama,India,2022-11-28,Silver
C2940,Dennis Mills,josepholson@bailey.com,Port Scottbury,North Carolina,India,2022-09-13,Platinum
C2941,Michael Phillips,zgraham@gmail.com,Angelaberg,Connecticut,India,2024-09-10,Platinum
C2942,Jon Clark,jamesmathis@hotmail.com,Brianland,New York,India,2023-06-12,Platinum
C2943,Erin Smith,ygarcia@hotmail.com,Holmestown,Georgia,India,2022-10-30,Silver
C2944,Susan Conley,lauramckay@yahoo.com,Lake Sarah,California,India,2023-04-05,Platinum
C2945,Brittany Davis,vhenderson@yahoo.com,Benjaminville,Vermont,India,2023-12-06,Platinum
C2946,Misty Garcia,lawsonruben@hotmail.com,North Patrick,Maryland,India,2024-04-01,Gold
C2947,David Hinton,rachael17@gmail.com,Port Paulshire,Kansas,India,2025-07-30,Gold
C2948,John Garcia,brenda49@clements.com,Port Jeffreyton,Wisconsin,India,2025-08-10,Silver
C2949,Andrew Roberts,ruben25@jones.com,North Deborahfort,Montana,India,2025-09-01,Silver
C2950,Emily Rodgers,kimberlymartinez@yahoo.com,Campbellfurt,Maryland,India,2024-03-17,Gold
C2951,Peter Williams,jason95@hoffman.com,Kentbury,Indiana,India,2025-07-10,Silver
C2952,Mary Jackson,dakotaramirez@shah.org,Salazarstad,Ohio,India,2025-02-14,Silver
C2953,Jeffrey Howell,ustewart@gmail.com,Mendozaberg,South Dakota,India,2023-01-23,Gold
C2954,Anna Briggs,langvictor@fisher-martinez.com,Herrerastad,Connecticut,India,2022-11-11,Gold
C2955,James Rivers,byoung@yahoo.com,East Justin,Illinois,India,2023-05-24,Silver
C2956,James Jefferson,buckjustin@johnson-ferguson.net,South Yvette,Alaska,India,2024-01-04,Silver
C2957,Mariah Robles,deanna17@gallegos.com,West Jody,Alaska,India,2024-02-04,Platinum
C2958,Michael Brown,karen61@hotmail.com,Trujilloberg,Alaska,India,2023-02-12,Silver
C2959,Caitlin Perry,zsalazar@yahoo.com,South Robertside,Maine,India,2022-11-09,Platinum
C2960,Rebekah Gregory,hallison@yahoo.com,South David,Delaware,India,2025-03-03,Gold
C2961,James Howard,walkermargaret@garcia.biz,Jaredfurt,Indiana,India,2023-01-15,Gold
C2962,Michael Roberson,christopherramsey@cabrera-medina.com,Stephensonmouth,Idaho,India,2022-11-10,Gold
C2963,Bianca Knapp,nicole01@valentine.com,Wallacefurt,Wyoming,India,2025-04-21,Gold
C2964,Jason Williams,knelson@gmail.com,Coxmouth,Utah,India,2022-09-10,Silver
C2965,Ernest Bush,martinezmichelle@hotmail.com,Andersonhaven,California,India,2023-07-05,Silver
C2966,Patricia Ray,hbarnett@hotmail.com,East Jay,California,India,2023-05-31,Platinum
C2967,Vanessa Santiago,rstanley@barton-webb.com,New James,Kentucky,India,2024-05-09,Gold
C2968,Joseph Haynes,jennifer58@gmail.com,Rachelside,New Hampshire,India,2024-10-10,Silver
C2969,Matthew Wright,jonestroy@smith.info,Brooksport,Delaware,India,2023-02-24,Platinum
C2970,Michael Cruz,tonypeterson@hotmail.com,South Donald,Nevada,India,2023-10-30,Platinum
C2971,Kristin Huerta,jeanette28@gmail.com,New Deniseport,Minnesota,India,2025-03-19,Platinum
C2972,Mason Moore,sabrinacruz@parrish-palmer.biz,Williamsborough,Texas,India,2023-12-06,Gold
C2973,Sarah Booth,ramirezfrank@lynn-ray.com,Andreaburgh,Montana,India,2025-04-23,Platinum
C2974,John Allen,vwalter@allen.com,Gileschester,Alabama,India,2024-12-05,Gold
C2975,Amber Walker,alvarezalyssa@yahoo.com,South Andrew,Vermont,India,2022-12-30,Platinum
C2976,Jennifer Young,mcintoshchristopher@yahoo.com,South Ashley,Rhode Island,India,2025-04-18,Platinum
C2977,Robert West,randyjordan@brown-nelson.com,West Tonya,Maryland,India,2023-11-25,Platinum
C2978,Jillian Wilson,bdennis@carter.com,Lake Richard,Michigan,India,2023-04-13,Silver
C2979,Matthew Garcia MD,gstone@hotmail.com,East Robert,Missouri,India,2022-12-19,Gold
C2980,April Davis,susanrobinson@jacobson.com,Sanchezberg,Mississippi,India,2024-08-28,Platinum
C2981,Lisa Torres,pateljoshua@lyons.com,Stewarthaven,Indiana,India,2025-04-08,Gold
C2982,Christine Powers,yharris@gmail.com,Lake Coltonland,Maryland,India,2023-10-18,Gold
C2983,Heidi Brown,janice40@gmail.com,North Alanton,Nevada,India,2023-05-12,Platinum
C2984,Jesse Castro,sstevenson@jackson.com,Melissamouth,South Carolina,India,2025-06-05,Platinum
C2985,Kara Sandoval,martingibson@wade.com,Jamesberg,Pennsylvania,India,2025-09-01,Silver
C2986,Ashley Malone,terriibarra@shelton.org,West Mary,New Mexico,India,2024-11-17,Platinum
C2987,Glenn Gallegos,faguilar@gmail.com,Cindymouth,South Dakota,India,2023-02-06,Gold
C2988,Dorothy Boyd,williamsandre@hotmail.com,Alvarezburgh,South Carolina,India,2024-10-20,Gold
C2989,Amber Martin,aliciajackson@gmail.com,Kevinside,Pennsylvania,India,2025-04-09,Silver
C2990,Mitchell Griffith,torresjill@henry-bell.net,East Frank,Arizona,India,2023-08-23,Platinum
C2991,Levi Lopez,dking@gmail.com,New Reneechester,Utah,India,2025-08-15,Gold
C2992,Jenna Bryant,jennifer89@yahoo.com,New Andrea,New York,India,2023-11-24,Gold
C2993,Michelle Rodriguez,gina02@chase-hopkins.com,Gravesview,Arizona,India,2022-10-29,Gold
C2994,Timothy Monroe,kjohnson@hotmail.com,North Elizabeth,New York,India,2024-05-13,Gold
C2995,Patricia Hayes,jamie13@yahoo.com,South Colton,Massachusetts,India,2024-02-18,Gold
C2996,Tina Taylor,natalie87@thompson.com,East Nicolefort,Minnesota,India,2025-07-09,Platinum
C2997,Mr. Anthony Mcconnell PhD,rlandry@yahoo.com,Woodstown,Alaska,India,2023-05-20,Silver
C2998,Mr. Thomas Thompson,rileyjacqueline@martinez.com,Sarahshire,Kentucky,India,2025-08-24,Platinum
C2999,Monica Anderson,montesvictor@hotmail.com,South Patricia,Vermont,India,2024-09-13,Silver
